project_name	publication_year	publication_doi	site_name	latitude	longitude	geo_loc_name	sample_name	sample_host	sample_age	sample_age_doi	singlegenome_domain	singlegenome_species	material	genome_type	sampling_date	archive	data_type	archive_project	archive_accession
Schuenemann2013	2013	10.1126/science.1238286	Sigtuna	59.618	17.726	Sweden	3077	Homo sapiens	900	10.1126/science.1238286	bacteria	Mycobacterium leprae	bone	chromosome	NA	SRA	raw	PRJNA200950	SRS418834
Schuenemann2013	2013	10.1126/science.1238286	St. Jørgen cemetery, Odense	55.399	10.406	Denmark	Jorgen_625	Homo sapiens	600	10.1126/science.1238286	bacteria	Mycobacterium leprae	tooth	chromosome	NA	SRA	raw	PRJNA200950	SRS418854
Schuenemann2013	2013	10.1126/science.1238286	Refshale	56.193	9.394	Denmark	Refshale_16	Homo sapiens	900	10.1126/science.1238286	bacteria	Mycobacterium leprae	tooth	chromosome	NA	SRA	raw	PRJNA200950	SRS419262,SRS418858,SRS418859
Schuenemann2013	2013	10.1126/science.1238286	St. Mary Magdalene leprosarium, Winchester	51.059	-1.308	United Kingdom	SK2	Homo sapiens	700	10.1126/science.1238286	bacteria	Mycobacterium leprae	bone	chromosome	NA	SRA	raw	PRJNA200950	SRS418843
Schuenemann2013	2013	10.1126/science.1238286	St. Mary Magdalene leprosarium, Winchester	52.059	-1.308	United Kingdom	SK8	Homo sapiens	1000	10.1126/science.1238286	bacteria	Mycobacterium leprae	tooth	chromosome	NA	SRA	raw	PRJNA200950	SRS418845
Schuenemann2018	2018	10.1371/journal.ppat.1006997	Odense St. Jørgen cemetery	55.399	10.406	Denmark	Jorgen_404	Homo sapiens	700	10.1371/journal.ppat.1006997	bacteria	Mycobacterium leprae	tooth	chromosome	NA	ENA	raw	PRJEB19769	ERS1574247
Schuenemann2018	2018	10.1371/journal.ppat.1006997	Odense St. Jørgen cemetery	55.399	10.406	Denmark	Jorgen_427	Homo sapiens	700	10.1371/journal.ppat.1006997	bacteria	Mycobacterium leprae	tooth	chromosome	NA	ENA	raw	PRJEB19769	ERS1574249
Schuenemann2018	2018	10.1371/journal.ppat.1006997	Odense St. Jørgen cemetery	55.399	10.406	Denmark	Jorgen_507	Homo sapiens	800	10.1371/journal.ppat.1006997	bacteria	Mycobacterium leprae	tooth	chromosome	NA	ENA	raw	PRJEB19769	ERS1574253
Schuenemann2018	2018	10.1371/journal.ppat.1006997	Odense St. Jørgen cemetery	55.399	10.406	Denmark	Jorgen_533	Homo sapiens	800	10.1371/journal.ppat.1006997	bacteria	Mycobacterium leprae	tooth	chromosome	NA	ENA	raw	PRJEB19769	ERS1574254
Schuenemann2018	2018	10.1371/journal.ppat.1006997	Odense St. Jørgen cemetery	55.399	10.406	Denmark	Jorgen_722	Homo sapiens	700	10.1371/journal.ppat.1006997	bacteria	Mycobacterium leprae	tooth	chromosome	NA	ENA	raw	PRJEB19769	ERS1574259
Schuenemann2018	2018	10.1371/journal.ppat.1006997	Odense St. Jørgen cemetery	55.399	10.406	Denmark	Jorgen_749	Homo sapiens	700	10.1371/journal.ppat.1006997	bacteria	Mycobacterium leprae	tooth	chromosome	NA	ENA	raw	PRJEB19769	ERS1574262
Schuenemann2018	2018	10.1371/journal.ppat.1006997	Szentes-Kistőke	46.715	20.281	Hungary	SK11	Homo sapiens	1300	10.1016/j.meegid.2015.02.001	bacteria	Mycobacterium leprae	bone	chromosome	NA	SRA	raw	PRJNA417381	SRS2667046
Schuenemann2018	2018	10.1371/journal.ppat.1006997	Necropoli Vicenne Campochiaro	41.564	14.498	Italy	T18	Homo sapiens	1300	10.1016/j.meegid.2015.02.001	bacteria	Mycobacterium leprae	bone	chromosome	NA	SRA	raw	PRJNA417381	SRS2667044
Schuenemann2018	2018	10.1371/journal.ppat.1006997	Prušánky	48.831	16.982	Czech Republic	Body 188	Homo sapiens	1100	10.1016/j.meegid.2015.02.001	bacteria	Mycobacterium leprae	bone	chromosome	NA	SRA	raw	PRJNA417381	SRS2667047
Schuenemann2018	2018	10.1371/journal.ppat.1006997	Great Chesterford	52.063	0.193	United Kingdom	GC96	Homo sapiens	1500	10.1371/journal.pone.0124282	bacteria	Mycobacterium leprae	bone	chromosome	NA	SRA	raw	PRJNA417381	SRS2667045
Warinner2014	2014	10.1038/ng.2906	Dalheim	51.565	8.84	Germany	G12	Homo sapiens	900	10.1038/ng.2906	bacteria	Tannerella forsythia	tooth	chromosome	NA	SRA	raw	PRJNA216965	SRS473747,SRS473746,SRS473748,SRS473749,SRS473750
Bos2014	2014	10.1038/nature13591	El Yaral	-17.41	-71.092	Peru	64	Homo sapiens	900	10.1038/nature13591	bacteria	Mycobacterium pinnipedii	bone	chromosome	NA	SRA	raw	PRJNA244165	SRS592075
Bos2014	2014	10.1038/nature13591	El Algodonal	-17.583	-71.21	Peru	58	Homo sapiens	1000	10.1038/nature13591	bacteria	Mycobacterium pinnipedii	bone	chromosome	NA	SRA	raw	PRJNA244165	SRS591992
Bos2014	2014	10.1038/nature13591	Chiribaya Alta	-17.621	-71.269	Peru	54	Homo sapiens	900	10.1038/nature13591	bacteria	Mycobacterium pinnipedii	bone	chromosome	NA	SRA	raw	PRJNA244165	SRS591994
AndradesValtuena2017	2017	10.1016/j.cub.2017.10.025	Rasshevatskiy	45.569	41.03	Russia	RK1001	Homo sapiens	4200	10.1016/j.cub.2017.10.025	bacteria	Yersinia pestis	tooth	chromosome	NA	ENA	raw	PRJEB19335	ERS1892069
AndradesValtuena2017	2017	10.1016/j.cub.2017.10.025	Beli Manastir-Popova zemlja	45.77	18.61	Croatia	GEN72	Homo sapiens	4200	10.1016/j.cub.2017.10.025	bacteria	Yersinia pestis	tooth	chromosome	NA	ENA	raw	PRJEB19335	ERS1892068
AndradesValtuena2017	2017	10.1016/j.cub.2017.10.025	Gyvakarai	55.913	24.89	Lithuania	Gyvakarai1	Homo sapiens	4000	10.1016/j.cub.2017.10.025	bacteria	Yersinia pestis	tooth	chromosome	NA	ENA	raw	PRJEB19335	ERS1892064
AndradesValtuena2017	2017	10.1016/j.cub.2017.10.025	Kunila	58.616	23.796	Estonia	KunilaII	Homo sapiens	4000	10.1016/j.cub.2017.10.025	bacteria	Yersinia pestis	tooth	chromosome	NA	ENA	raw	PRJEB19335	ERS1892065
AndradesValtuena2017	2017	10.1016/j.cub.2017.10.025	Haunstetten Unterer Talweg 85	48.318	10.891	Germany	1343UnTal85	Homo sapiens	3800	10.1371/journal.pone.0139705	bacteria	Yersinia pestis	tooth	chromosome	NA	ENA	raw	PRJEB19335	ERS1892067
AndradesValtuena2017	2017	10.1016/j.cub.2017.10.025	Haunstetten Postillionstrasse 6	48.308	10.893	Germany	6Post	Homo sapiens	3600	10.1371/journal.pone.0139705	bacteria	Yersinia pestis	tooth	chromosome	NA	ENA	raw	PRJEB19335	ERS1892066
Spyrou2018	2018	10.1038/s41467-018-04550-9	Mikhailovsky II burial site	53.2	50.2	Russia	RT5	Homo sapiens	3500	10.1038/s41467-018-04550-9	bacteria	Yersinia pestis	tooth	chromosome	NA	ENA	raw	PRJEB24296	ERS2106903
Spyrou2018	2018	10.1038/s41467-018-04550-9	Mikhailovsky II burial site	53.2	50.2	Russia	RT6	Homo sapiens	3500	10.1038/s41467-018-04550-9	bacteria	Yersinia pestis	tooth	chromosome	NA	ENA	raw	PRJEB24296	ERS2106904
Rascovan2019	2019	10.1016/j.cell.2018.11.005	Gökhem 94:1, Frälsegården	58.173	13.407	Sweden	Gok2	Homo sapiens	4400	10.1016/j.cell.2018.11.005	bacteria	Yersinia pestis	tooth	chromosome	NA	ENA	raw	PRJEB6090	ERS434180
Rasmussen2015	2015	10.1016/j.cell.2015.10.009	Sope	59.408	27.026	Estonia	RISE00	Homo sapiens	4000	10.1038/nature14507	bacteria	Yersinia pestis	tooth	chromosome	NA	ENA	raw	PRJEB10885	ERS848971
Rasmussen2015	2015	10.1016/j.cell.2015.10.009	Chociwel	50.796	17.094	Poland	RISE139	Homo sapiens	3600	10.1038/nature14507	bacteria	Yersinia pestis	tooth	chromosome	NA	ENA	raw	PRJEB10885	ERS848972
Rasmussen2015	2015	10.1016/j.cell.2015.10.009	Bulanovo	52.453	55.16	Russia	RISE386	Homo sapiens	3800	10.1038/nature14507	bacteria	Yersinia pestis	tooth	chromosome	NA	ENA	raw	PRJEB10885	ERS848973
Rasmussen2015	2015	10.1016/j.cell.2015.10.009	Kapan	39.2	46.4	Armenia	RISE397	Homo sapiens	2800	10.1038/nature14507	bacteria	Yersinia pestis	tooth	chromosome	NA	ENA	raw	PRJEB10885	ERS848974
Rasmussen2015	2015	10.1016/j.cell.2015.10.009	Kytmanovo	53.456	85.447	Russia	RISE505	Homo sapiens	3400	10.1038/nature14507	bacteria	Yersinia pestis	tooth	chromosome	NA	ENA	raw	PRJEB10885	ERS848975
Rasmussen2015	2015	10.1016/j.cell.2015.10.009	Bateni	54.584	90.775	Russia	RISE509	Homo sapiens	4200	10.1038/nature14507	bacteria	Yersinia pestis	tooth	chromosome	NA	ENA	raw	PRJEB10885	ERS848976
Rasmussen2015	2015	10.1016/j.cell.2015.10.009	Bateni	54.584	90.775	Russia	RISE511	Homo sapiens	2900	10.1038/nature14507	bacteria	Yersinia pestis	tooth	chromosome	NA	ENA	raw	PRJEB10885	ERS848977
Yu2020	2020	10.1016/j.cell.2020.04.037	Glazkovskoe Predmestie Site	52.279	104.251	Russia	GLZ001	Homo sapiens	4600	10.1016/j.cell.2020.04.037	bacteria	Yersinia pestis	tooth	chromosome	NA	ENA	raw	PRJEB37007	ERS4540520
Yu2020	2020	10.1016/j.cell.2020.04.037	Glazkovskoe Predmestie Site	52.279	104.251	Russia	GLZ002	Homo sapiens	4400	10.1016/j.cell.2020.04.037	bacteria	Yersinia pestis	tooth	chromosome	NA	ENA	raw	PRJEB37007	ERS4540521
Devault2017	2017	10.7554/eLife.20983	Troy	39.953	26.236	Turkey	Nod1	Homo sapiens	800	10.7554/eLife.20983	bacteria	Gardnerella vaginalis	calcified nodule	chromosome	NA	SRA	raw	PRJNA352376	SRS1779841,SRS1779840
Devault2017	2017	10.7554/eLife.20983	Troy	39.953	26.236	Turkey	Nod1	Homo sapiens	800	10.7554/eLife.20983	bacteria	Staphylococcus saprophyticus	calcified nodule	chromosome	NA	SRA	raw	PRJNA352376	SRS1779841,SRS1779840
Devault2017	2017	10.7554/eLife.20983	Troy	39.953	26.236	Turkey	Nod2	Homo sapiens	800	10.7554/eLife.20983	bacteria	Gardnerella vaginalis	calcified nodule	chromosome	NA	SRA	raw	PRJNA352376	SRS1779846,SRS1779844
Devault2017	2017	10.7554/eLife.20983	Troy	39.953	26.236	Turkey	Nod2	Homo sapiens	800	10.7554/eLife.20983	bacteria	Staphylococcus saprophyticus	calcified nodule	chromosome	NA	SRA	raw	PRJNA352376	SRS1779846,SRS1779844
Muhlemann2018	2018	10.1038/s41586-018-0097-z	Bulanovo	52.453	55.16	Russia	RISE387	Homo sapiens	3800	10.1038/s41586-018-0097-z	virus	Hepatitis B virus	tooth	chromosome	NA	ENA	raw	NA	ERS2295393
Muhlemann2018	2018	10.1038/s41586-018-0097-z	Sandorfalva-Eperjes	46.344	20.162	Hungary	DA195	Homo sapiens	2500	10.1038/s41586-018-0097-z	virus	Hepatitis B virus	unknown	chromosome	NA	ENA	raw	NA	ERS2295388
Muhlemann2018	2018	10.1038/s41586-018-0097-z	Osterhofen-Altenmarkt	48.691	13.061	Germany	RISE563	Homo sapiens	4000	10.1038/s41586-018-0097-z	virus	Hepatitis B virus	tooth	chromosome	NA	ENA	raw	NA	ERS2295394
Muhlemann2018	2018	10.1038/s41586-018-0097-z	Szàzhalombatta-Földvàr	47.372	18.962	Hungary	RISE254	Homo sapiens	3600	10.1038/s41586-018-0097-z	virus	Hepatitis B virus	bone	chromosome	NA	ENA	raw	NA	ERS2295391
Muhlemann2018	2018	10.1038/s41586-018-0097-z	Karasyur	46.997	66.285	Kazakhstan	DA29	Homo sapiens	800	10.1038/s41586-018-0097-z	virus	Hepatitis B virus	unknown	chromosome	NA	ENA	raw	NA	ERS2295384
Muhlemann2018	2018	10.1038/s41586-018-0097-z	Halvay 3	52.836	62.893	Kazakhstan	DA27	Homo sapiens	1600	10.1038/s41586-018-0097-z	virus	Hepatitis B virus	unknown	chromosome	NA	ENA	raw	NA	ERS2295383
Muhlemann2018	2018	10.1038/s41586-018-0097-z	Poprad	49.077	20.317	Slovakia	DA119	Homo sapiens	1500	10.1038/s41586-018-0097-z	virus	Hepatitis B virus	unknown	chromosome	NA	ENA	raw	NA	ERS2295387
Muhlemann2018	2018	10.1038/s41586-018-0097-z	Omnogobi	42.525	105.18	Mongolia	DA45	Homo sapiens	2000	10.1038/s41586-018-0097-z	virus	Hepatitis B virus	bone	chromosome	NA	ENA	raw	NA	ERS2295385
Muhlemann2018	2018	10.1038/s41586-018-0097-z	Szczepankowice	50.948	16.943	Poland	RISE154	Homo sapiens	3500	10.1038/s41586-018-0097-z	virus	Hepatitis B virus	tooth	chromosome	NA	ENA	raw	NA	ERS2295390
Muhlemann2018	2018	10.1038/s41586-018-0097-z	Keden	41.428	75.329	Kyrgyzstan	DA51	Homo sapiens	2200	10.1038/s41586-018-0097-z	virus	Hepatitis B virus	unknown	chromosome	NA	ENA	raw	NA	ERS2295386
Muhlemann2018	2018	10.1038/s41586-018-0097-z	Bulanovo	52.453	55.16	Russia	RISE386	Homo sapiens	3800	10.1038/s41586-018-0097-z	virus	Hepatitis B virus	tooth	chromosome	NA	ENA	raw	NA	ERS2295392
Muhlemann2018	2018	10.1038/s41586-018-0097-z	Butakty	43.202	76.981	Kazakhstan	DA222	Homo sapiens	1100	10.1038/s41586-018-0097-z	virus	Hepatitis B virus	unknown	chromosome	NA	ENA	raw	NA	ERS2295389
Dux2020	2020	10.1126/science.aba9411	Berlin	52.51	13.4	Germany	BMM 655/1912	Homo sapiens	100	10.1126/science.aba9411	virus	Measles morbillivirus	lung tissue	chromosome	NA	ENA	raw	PRJEB36265	ERS4249335
Dux2020	2020	10.1126/science.aba9411	Prague	50.06	14.46	Czech Republic	MVi/Prague.CZE/60/1	Homo sapiens	100	10.1126/science.aba9411	virus	Measles morbillivirus	isolate	chromosome	NA	ENA	raw	PRJEB36265	ERS4249362
Dux2020	2020	10.1126/science.aba9411	Prague	50.06	14.46	Czech Republic	Mvi/Prague.CZE/60/2	Homo sapiens	100	10.1126/science.aba9411	virus	Measles morbillivirus	isolate	chromosome	NA	ENA	raw	PRJEB36265	ERS4249363
Maixner2016	2016	10.1126/science.aad2545	Hauslabjoch	46.773	10.837	Italy	Iceman Stomach/Intestine (1054/1051/1063/1036)	Homo sapiens	5300	10.1126/science.aad2545	virus	Helicobacter pylori	digestive tract contents	chromosome	2010	ENA	raw	PRJEB11511	ERS942275,ERS942266,ERS942283,ERS942284,ERS942285,ERS942286,ERS942287,ERS942288,ERS942289,ERS942290,ERS942291,ERS942292,ERS942293,ERS942294,ERS942267,ERS942277,ERS942270,ERS942274,ERS942269,ERS942268,ERS942271,ERS942265,ERS942273,ERS942272,ERS942281,ERS942282
Guellil2018	2018	10.1073/pnas.1807266115	St Nicolay’s ALT St Clement's Church, Oslo	59.904	10.765	Norway	OSL9a	Homo sapiens	400	10.1073/pnas.1807266115	bacteria	Borrelia recurrentis	tooth	chromosome	NA	ENA	raw	PRJEB24501	ERS2591211
Guellil2018	2018	10.1073/pnas.1807266115	St Nicolay’s ALT St Clement's Church, Oslo	59.904	10.765	Norway	OSL9b	Homo sapiens	400	10.1073/pnas.1807266116	bacteria	Borrelia recurrentis	tooth	chromosome	NA	ENA	raw	PRJEB24501	ERS2591210
Duggan2016	2016	10.1016/j.cub.2016.10.061	Dominican Church of the Holy Spirit of Vilnius	54.681	25.284	Lithuania	VD21	Homo sapiens	300	10.1016/j.cub.2016.10.061	virus	Variola virus	skin	chromosome	2011	SRA	raw	PRJNA348754	SRS1749354
deBarrosDamgaard2018	2018	10.1038/s41586-018-0094-2	Uch-Kurbu	42.159	77.406	Kyrgyzstan	DA101	Homo sapiens	1800	10.1038/s41586-018-0094-2	bacteria	Yersinia pestis	tooth	chromosome	NA	ENA	raw	PRJEB25891	ERS2367268
deBarrosDamgaard2018	2018	10.1038/s41586-018-0094-2	Unknown	42.861	44.185	Russia	DA147	Homo sapiens	1300	10.1038/s41586-018-0094-2	bacteria	Yersinia pestis	tooth	chromosome	NA	ENA	raw	PRJEB25891	ERS2367269
Key2020	2020	10.1038/s41559-020-1106-9	Murzikhinsky II	55.304	50.086	Russia	MUR009	Homo sapiens	5700	10.1038/s41559-020-1106-9	bacteria	Salmonella enterica	tooth	chromosome	NA	ENA	raw	PRJEB35216	ERS3967963
Key2020	2020	10.1038/s41559-020-1106-9	Murzikhinsky II	55.304	50.086	Russia	MUR019	Homo sapiens	5600	10.1038/s41559-020-1106-9	bacteria	Salmonella enterica	tooth	chromosome	NA	ENA	raw	PRJEB35216	ERS3967964
Key2020	2020	10.1038/s41559-020-1106-9	Ipatovo 3	45.685	42.921	Russia	IV3002	Homo sapiens	4600	10.1038/s41559-020-1106-9	bacteria	Salmonella enterica	tooth	chromosome	NA	ENA	raw	PRJEB35216	ERS3967967
Key2020	2020	10.1038/s41559-020-1106-9	Ikiztepe	41.612	35.87	Turkey	IKI003	Homo sapiens	4500	10.1038/s41559-020-1106-9	bacteria	Salmonella enterica	tooth	chromosome	NA	ENA	raw	PRJEB35216	ERS3967961
Key2020	2020	10.1038/s41559-020-1106-9	Oberbipp	47.262	7.659	Switzerland	OBP001	Homo sapiens	4600	10.1038/s41559-020-1106-9	bacteria	Salmonella enterica	tooth	chromosome	NA	ENA	raw	PRJEB35216	ERS3967965
Key2020	2020	10.1038/s41559-020-1106-9	Su Asedazzu	39.512	9.145	Italy	SUA004	Homo sapiens	3800	10.1038/s41559-020-1106-9	bacteria	Salmonella enterica	tooth	chromosome	NA	ENA	raw	PRJEB35216	ERS3967966
Key2020	2020	10.1038/s41559-020-1106-9	Marinskaya 3	43.905	43.521	Russia	MK3001	Homo sapiens	2800	10.1038/s41559-020-1106-9	bacteria	Salmonella enterica	tooth	chromosome	NA	ENA	raw	PRJEB35216	ERS3967962
Key2020	2020	10.1038/s41559-020-1106-9	Chiusi	43.016	11.95	Italy	ETR001	Homo sapiens	1800	10.1038/s41559-020-1106-9	bacteria	Salmonella enterica	tooth	chromosome	NA	ENA	raw	PRJEB35216	ERS3967960
Barquera2020	2020	10.1016/j.cub.2020.04.002	Hospital Real de San José de los Naturales	19.43	-99.14	Mexico	SJN003	Homo sapiens	500	10.1016/j.cub.2020.04.002	bacteria	Treponema pallidum	tooth	chromosome	NA	ENA	raw	PRJEB37490	ERS4529000,ERS4529001
Barquera2020	2020	10.1016/j.cub.2020.04.002	Hospital Real de San José de los Naturales	19.43	-99.14	Mexico	SJN001	Homo sapiens	500	10.1016/j.cub.2020.04.002	virus	Hepatitis B virus	tooth	chromosome	NA	ENA	raw	PRJEB37490	ERS4528997,ERS4528998
KrauseKyora2018	2018	10.7554/eLife.36666	Karsdorf	51.27	11.65	Germany	Karsdorf	Homo sapiens	7000	10.7554/eLife.36666	virus	Hepatitis B virus	tooth	chromosome	NA	ENA	raw	PRJEB24921	ERS2200179
KrauseKyora2018	2018	10.7554/eLife.36666	Sorsum	52.27	9.61	Germany	Sorsum	Homo sapiens	5100	10.7554/eLife.36666	virus	Hepatitis B virus	tooth	chromosome	NA	ENA	raw	PRJEB24921	ERS2200180
KrauseKyora2018	2018	10.7554/eLife.36666	Petersberg	47.71	12.12	Germany	Petersberg	Homo sapiens	900	10.7554/eLife.36666	virus	Hepatitis B virus	tooth	chromosome	NA	ENA	raw	PRJEB24921	ERS2200178
Giffin2020	2020	10.1038/s41598-020-66012-x	Aguonu g. 10	54.675	25.277	Lithuania	AGU007	Homo sapiens	400	10.1038/s41598-020-66012-x	bacteria	Yersinia pestis	tooth	chromosome	NA	ENA	raw	PRJEB37508	ERS4398261
Giffin2020	2020	10.1038/s41598-020-66012-x	Aguonu g. 10	54.675	25.277	Lithuania	AGU010	Homo sapiens	400	10.1038/s41598-020-66012-x	bacteria	Yersinia pestis	tooth	chromosome	NA	ENA	raw	PRJEB37508	ERS4410876
Giffin2020	2020	10.1038/s41598-020-66012-x	Aguonu g. 10	54.675	25.277	Lithuania	AGU020	Homo sapiens	400	10.1038/s41598-020-66012-x	bacteria	Yersinia pestis	tooth	chromosome	NA	ENA	raw	PRJEB37508	ERS4398262
Giffin2020	2020	10.1038/s41598-020-66012-x	Aguonu g. 10	54.675	25.277	Lithuania	AGU025	Homo sapiens	400	10.1038/s41598-020-66012-x	bacteria	Yersinia pestis	tooth	chromosome	NA	ENA	raw	PRJEB37508	ERS4398263
Giffin2020	2020	10.1038/s41598-020-66012-x	Aguonu g. 10	54.675	25.277	Lithuania	AGU007	Homo sapiens	400	10.1038/s41598-020-66012-x	bacteria	Treponema pallidum	tooth	chromosome	NA	ENA	raw	PRJEB37508	ERS4398260
Feldman2016	2016	10.1093/molbev/msw170	Altenerding	48.287	11.903	Germany	AE1175	Homo sapiens	1500	10.1093/molbev/msw170	bacteria	Yersinia pestis	tooth	chromosome	NA	ENA	raw	PRJEB14851	ERS1266114
BarGal2012	2012	10.1002/hep.25852	Yangju	37.8	127	South Korea	Yangju child mummy	Homo sapiens	300	10.1002/hep.25852	virus	Hepatitis B virus	liver	chromosome	NA	GenBank	consensus	NA	JN315779
Keller2019	2019	10.1073/pnas.1820447116	Dittenheim	49.055	10.792	Germany	DIT003.B	Homo sapiens	1500	10.1073/pnas.1820447116	bacteria	Yersinia pestis	tooth	chromosome	NA	ENA	raw	PRJEB29991	ERS3465379
Keller2019	2019	10.1073/pnas.1820447116	Dittenheim	49.055	10.792	Germany	DIT004 merged	Homo sapiens	1500	10.1073/pnas.1820447116	bacteria	Yersinia pestis	tooth	chromosome	NA	ENA	raw	PRJEB29991	ERS3465380,ERS3465381
Keller2019	2019	10.1073/pnas.1820447116	Edix Hill	52.136	-0.011	United Kingdom	EDI001.A	Homo sapiens	1500	10.1073/pnas.1820447116	bacteria	Yersinia pestis	tooth	chromosome	NA	ENA	raw	PRJEB29991	ERS3465382
Keller2019	2019	10.1073/pnas.1820447116	Edix Hill	52.136	-0.011	United Kingdom	EDI003.A	Homo sapiens	1500	10.1073/pnas.1820447116	bacteria	Yersinia pestis	tooth	chromosome	NA	ENA	raw	PRJEB29991	ERS3465383
Keller2019	2019	10.1073/pnas.1820447116	Edix Hill	52.136	-0.011	United Kingdom	EDI004.A	Homo sapiens	1500	10.1073/pnas.1820447116	bacteria	Yersinia pestis	tooth	chromosome	NA	ENA	raw	PRJEB29991	ERS3465384
Keller2019	2019	10.1073/pnas.1820447116	Edix Hill	52.136	-0.011	United Kingdom	EDI005.A	Homo sapiens	1500	10.1073/pnas.1820447116	bacteria	Yersinia pestis	tooth	chromosome	NA	ENA	raw	PRJEB29991	ERS3465385
Keller2019	2019	10.1073/pnas.1820447116	Saint-Doulchard Le Pressoir	47.105	2.357	France	LSD001.A	Homo sapiens	1300	10.1073/pnas.1820447116	bacteria	Yersinia pestis	tooth	chromosome	NA	ENA	raw	PRJEB29991	ERS3465386
Keller2019	2019	10.1073/pnas.1820447116	Saint-Doulchard Le Pressoir	47.105	2.357	France	LSD002.A	Homo sapiens	1300	10.1073/pnas.1820447116	bacteria	Yersinia pestis	tooth	chromosome	NA	ENA	raw	PRJEB29991	ERS3465387
Keller2019	2019	10.1073/pnas.1820447116	Saint-Doulchard Le Pressoir	47.105	2.357	France	LSD007.A	Homo sapiens	1300	10.1073/pnas.1820447116	bacteria	Yersinia pestis	tooth	chromosome	NA	ENA	raw	PRJEB29991	ERS3465388
Keller2019	2019	10.1073/pnas.1820447116	Saint-Doulchard Le Pressoir	47.105	2.357	France	LSD013.A	Homo sapiens	1300	10.1073/pnas.1820447116	bacteria	Yersinia pestis	tooth	chromosome	NA	ENA	raw	PRJEB29991	ERS3465389
Keller2019	2019	10.1073/pnas.1820447116	Saint-Doulchard Le Pressoir	47.105	2.357	France	LSD019.A	Homo sapiens	1300	10.1073/pnas.1820447116	bacteria	Yersinia pestis	tooth	chromosome	NA	ENA	raw	PRJEB29991	ERS3465390
Keller2019	2019	10.1073/pnas.1820447116	Saint-Doulchard Le Pressoir	47.105	2.357	France	LSD020.A	Homo sapiens	1300	10.1073/pnas.1820447116	bacteria	Yersinia pestis	tooth	chromosome	NA	ENA	raw	PRJEB29991	ERS3465391
Keller2019	2019	10.1073/pnas.1820447116	Saint-Doulchard Le Pressoir	47.105	2.357	France	LSD021.A	Homo sapiens	1300	10.1073/pnas.1820447116	bacteria	Yersinia pestis	tooth	chromosome	NA	ENA	raw	PRJEB29991	ERS3465392
Keller2019	2019	10.1073/pnas.1820447116	Saint-Doulchard Le Pressoir	47.105	2.357	France	LSD022.A	Homo sapiens	1300	10.1073/pnas.1820447116	bacteria	Yersinia pestis	tooth	chromosome	NA	ENA	raw	PRJEB29991	ERS3465393
Keller2019	2019	10.1073/pnas.1820447116	Saint-Doulchard Le Pressoir	47.105	2.357	France	LSD023.A	Homo sapiens	1300	10.1073/pnas.1820447116	bacteria	Yersinia pestis	tooth	chromosome	NA	ENA	raw	PRJEB29991	ERS3465394
Keller2019	2019	10.1073/pnas.1820447116	Saint-Doulchard Le Pressoir	47.105	2.357	France	LSD024.A	Homo sapiens	1300	10.1073/pnas.1820447116	bacteria	Yersinia pestis	tooth	chromosome	NA	ENA	raw	PRJEB29991	ERS3465395
Keller2019	2019	10.1073/pnas.1820447116	Saint-Doulchard Le Pressoir	47.105	2.357	France	LSD026.A	Homo sapiens	1300	10.1073/pnas.1820447116	bacteria	Yersinia pestis	tooth	chromosome	NA	ENA	raw	PRJEB29991	ERS3465396
Keller2019	2019	10.1073/pnas.1820447116	Lunel-Viel (Quartier centrale)	43.677	4.092	France	LVC001 merged	Homo sapiens	1500	10.1073/pnas.1820447116	bacteria	Yersinia pestis	tooth	chromosome	NA	ENA	raw	PRJEB29991	ERS3465397,ERS3465398
Keller2019	2019	10.1073/pnas.1820447116	Lunel-Viel (Quartier centrale)	43.677	4.092	France	LVC005 merged	Homo sapiens	1500	10.1073/pnas.1820447116	bacteria	Yersinia pestis	tooth	chromosome	NA	ENA	raw	PRJEB29991	ERS3465399,ERS3465400,ERS3465401
Keller2019	2019	10.1073/pnas.1820447116	Lunel-Viel (Quartier centrale)	43.677	4.092	France	LVC006.A	Homo sapiens	1500	10.1073/pnas.1820447116	bacteria	Yersinia pestis	tooth	chromosome	NA	ENA	raw	PRJEB29991	ERS3465402
Keller2019	2019	10.1073/pnas.1820447116	Petting	47.912	12.816	Germany	PET004.A	Homo sapiens	1500	10.1073/pnas.1820447116	bacteria	Yersinia pestis	tooth	chromosome	NA	ENA	raw	PRJEB29991	ERS3465404
Keller2019	2019	10.1073/pnas.1820447116	Petting	47.912	12.816	Germany	PET005.A	Homo sapiens	1500	10.1073/pnas.1820447116	bacteria	Yersinia pestis	tooth	chromosome	NA	ENA	raw	PRJEB29991	ERS3465405
Keller2019	2019	10.1073/pnas.1820447116	Petting	47.912	12.816	Germany	PET006.A	Homo sapiens	1500	10.1073/pnas.1820447116	bacteria	Yersinia pestis	tooth	chromosome	NA	ENA	raw	PRJEB29991	ERS3465406
Keller2019	2019	10.1073/pnas.1820447116	Unterthürheim	48.599	10.706	Germany	UNT002.A	Homo sapiens	1600	10.1073/pnas.1820447116	bacteria	Yersinia pestis	tooth	chromosome	NA	ENA	raw	PRJEB29991	ERS3465407
Keller2019	2019	10.1073/pnas.1820447116	Unterthürheim	48.599	10.706	Germany	UNT003.A	Homo sapiens	1500	10.1073/pnas.1820447116	bacteria	Yersinia pestis	tooth	chromosome	NA	ENA	raw	PRJEB29991	ERS3465408
Keller2019	2019	10.1073/pnas.1820447116	Unterthürheim	48.599	10.706	Germany	UNT004.A	Homo sapiens	1600	10.1073/pnas.1820447116	bacteria	Yersinia pestis	tooth	chromosome	NA	ENA	raw	PRJEB29991	ERS3465409
Keller2019	2019	10.1073/pnas.1820447116	Unterthürheim	48.599	10.706	Germany	UNT005.A	Homo sapiens	1500	10.1073/pnas.1820447116	bacteria	Yersinia pestis	tooth	chromosome	NA	ENA	raw	PRJEB29991	ERS3465410
Keller2019	2019	10.1073/pnas.1820447116	Unterthürheim	48.599	10.706	Germany	UNT006.A	Homo sapiens	1500	10.1073/pnas.1820447116	bacteria	Yersinia pestis	tooth	chromosome	NA	ENA	raw	PRJEB29991	ERS3465411
Keller2019	2019	10.1073/pnas.1820447116	Valencia	39.476	-0.374	Spain	VAL001.B	Homo sapiens	1500	10.1073/pnas.1820447116	bacteria	Yersinia pestis	tooth	chromosome	NA	ENA	raw	PRJEB29991	ERS3465403
Keller2019	2019	10.1073/pnas.1820447116	Waging	47.934	12.733	Germany	WAG001.A	Homo sapiens	1500	10.1073/pnas.1820447116	bacteria	Yersinia pestis	tooth	chromosome	NA	ENA	raw	PRJEB29991	ERS3465412
Muhlemann2018b	2018	10.1073/pnas.1804921115	Tian Shan	41.501	75.794	Kyrgyzstan	DA66	Homo sapiens	1500	10.1073/pnas.1804921115	virus	Parvovirus B19	unknown	chromosome	NA	ENA	reference_aligned,consensus	NA	ERS2484289
Muhlemann2018b	2018	10.1073/pnas.1804921115	Lake Baikal (Shamanka II)	51.698	103.703	Russia	DA337	Homo sapiens	4000	10.1073/pnas.1804921115	virus	Parvovirus B19	unknown	chromosome	NA	ENA	reference_aligned,consensus	NA	ERS2484292
Muhlemann2018b	2018	10.1073/pnas.1804921115	Gotland	57.63	18.28	Sweden	VK477	Homo sapiens	1000	10.1073/pnas.1804921115	virus	Parvovirus B19	tooth	chromosome	NA	ENA	reference_aligned,consensus	NA	ERS2484298
Muhlemann2018b	2018	10.1073/pnas.1804921115	Brandýsek	50.18	14.15	Czech Republic	RISE569	Homo sapiens	1300	10.1073/pnas.1804921115	virus	Parvovirus B19	tooth	chromosome	NA	ENA	reference_aligned,consensus	NA	ERS2484294
Muhlemann2018b	2018	10.1073/pnas.1804921115	Bazaiha, Krasnoyarsk	55.951	92.784	Russia	NEO105	Homo sapiens	500	10.1073/pnas.1804921115	virus	Parvovirus B19	tooth	chromosome	NA	ENA	reference_aligned,consensus	NA	ERS2484293
Muhlemann2018b	2018	10.1073/pnas.1804921115	Lake Baikal (Shamanka II)	51.698	103.703	Russia	DA251	Homo sapiens	6900	10.1073/pnas.1804921115	virus	Parvovirus B19	tooth	chromosome	NA	ENA	reference_aligned,consensus	NA	ERS2484290
Muhlemann2018b	2018	10.1073/pnas.1804921115	Eastern Settlement	60.99	-45.42	Greenland	VK6	Homo sapiens	1000	10.1073/pnas.1804921115	virus	Parvovirus B19	tooth	chromosome	NA	ENA	reference_aligned,consensus	NA	ERS2484295
Muhlemann2018b	2018	10.1073/pnas.1804921115	Bodzia	52.703	18.887	Poland	VK154	Homo sapiens	1000	10.1073/pnas.1804921115	virus	Parvovirus B19	tooth	chromosome	NA	ENA	reference_aligned,consensus	NA	ERS2484297
Muhlemann2018b	2018	10.1073/pnas.1804921115	Oxford	51.756	-1.257	United Kingdom	VK143	Homo sapiens	1100	10.1073/pnas.1804921115	virus	Parvovirus B19	tooth	chromosome	NA	ENA	reference_aligned,consensus	NA	ERS2484296
Muhlemann2018b	2018	10.1073/pnas.1804921115	Lake Baikal (Shamanka II)	51.698	103.703	Russia	DA336	Homo sapiens	4100	10.1073/pnas.1804921115	virus	Parvovirus B19	unknown	chromosome	NA	ENA	reference_aligned,consensus	NA	ERS2484291
Wagner2014	2014	10.1016/S1473-3099(13)70323-2	Aschheim-Bajuwarenring	48.172	11.715	Germany	A120	Homo sapiens	1400	10.1016/S1473-3099(13)70323-2	bacteria	Yersinia pestis	tooth	chromosome	NA	SRA	raw	PRJNA231474	SRS514388,SRS514389,SRS514393,SRS514395,SRS514397,SRS514398,SRS514399,SRS514400,SRS514401,SRS514402,SRS514403,SRS514404,SRS514423,SRS514424,SRS514425,SRS514426,SRS514427,SRS514429,SRS514430,SRS514431,SRS514435,SRS514436,SRS514437,SRS514438,SRS514439,SRS514440,SRS514441,SRS514442,SRS514507,SRS514506,SRS514505,SRS514444
Wagner2014	2014	10.1016/S1473-3099(13)70323-2	Aschheim-Bajuwarenring	48.172	11.715	Germany	A76	Homo sapiens	1400	10.1016/S1473-3099(13)70323-2	bacteria	Yersinia pestis	tooth	chromosome	NA	SRA	raw	PRJNA231474	SRS514391,SRS514392,SRS514432,SRS514443,SRS514508
Bos2011	2011	10.1038/nature10549	East Smithfield Cemetery	51.508	-0.069	United Kingdom	ES_11972	Homo sapiens	600	10.1038/nature10549	bacteria	Yersinia pestis	tooth	chromosome	NA	SRA	raw	SRP008060	SRS259946
Bos2011	2011	10.1038/nature10549	Abbey St. Mary Graces	51.508	-0.069	United Kingdom	ES_6330	Homo sapiens	600	10.1038/nature10549	bacteria	Yersinia pestis	tooth	chromosome	NA	SRA	raw	SRP008060	SRS259944
Bos2011	2011	10.1038/nature10549	East Smithfield Cemetery	51.508	-0.069	United Kingdom	ES_8124	Homo sapiens	600	10.1038/nature10549	bacteria	Yersinia pestis	tooth	chromosome	NA	SRA	raw	SRP008060	SRS259947
Bos2011	2011	10.1038/nature10549	East Smithfield Cemetery	51.508	-0.069	United Kingdom	ES_8291	Homo sapiens	600	10.1038/nature10549	bacteria	Yersinia pestis	tooth	chromosome	NA	SRA	raw	SRP008060	SRS259945
Bos2016	2016	10.7554/eLife.12994.001	l'Observance	43.301	5.367	France	OBS107	Homo sapiens	200	10.7554/eLife.12994.001	bacteria	Yersinia pestis	tooth	chromosome	NA	ENA	raw	PRJEB12163	ERS1020860
Bos2016	2016	10.7554/eLife.12994.001	l'Observance	43.301	5.367	France	OBS110	Homo sapiens	200	10.7554/eLife.12994.001	bacteria	Yersinia pestis	tooth	chromosome	NA	ENA	raw	PRJEB12163	ERS1020861
Bos2016	2016	10.7554/eLife.12994.001	l'Observance	43.301	5.367	France	OBS116	Homo sapiens	200	10.7554/eLife.12994.001	bacteria	Yersinia pestis	tooth	chromosome	NA	ENA	raw	PRJEB12163	ERS1020862
Bos2016	2016	10.7554/eLife.12994.001	l'Observance	43.301	5.367	France	OBS124	Homo sapiens	200	10.7554/eLife.12994.001	bacteria	Yersinia pestis	tooth	chromosome	NA	ENA	raw	PRJEB12163	ERS1020863
Bos2016	2016	10.7554/eLife.12994.001	l'Observance	43.301	5.367	France	OBS137	Homo sapiens	200	10.7554/eLife.12994.001	bacteria	Yersinia pestis	tooth	chromosome	NA	ENA	raw	PRJEB12163	ERS1020864
PattersonRoss2018	2018	10.1371/journal.ppat.1006750	Sacristy of the Basilica of St. Domenico Maggiore	40.848	14.254	Italy	NASD24	Homo sapiens	400	10.1371/journal.ppat.1006750	virus	Hepatitis B virus	tissue	chromosome	NA	GenBank	consensus	NA	MG585269
Vagene2018	2018	10.1038/s41559-017-0446-6	Teposcolula-Yucundaa	17.499	-97.467	Mexico	Tepos_10	Homo sapiens	400	10.1038/s41559-017-0446-6	bacteria	Salmonella enterica	tooth	chromosome	NA	ENA	raw	PRJEB23438	ERS2020211
Vagene2018	2018	10.1038/s41559-017-0446-6	Teposcolula-Yucundaa	17.499	-97.467	Mexico	Tepos_11	Homo sapiens	400	10.1038/s41559-017-0446-6	bacteria	Salmonella enterica	tooth	chromosome	NA	ENA	raw	PRJEB23438	ERS2020212
Vagene2018	2018	10.1038/s41559-017-0446-6	Teposcolula-Yucundaa	17.499	-97.467	Mexico	Tepos_14	Homo sapiens	400	10.1038/s41559-017-0446-6	bacteria	Salmonella enterica	tooth	chromosome	NA	ENA	raw	PRJEB23438	ERS2020215
Vagene2018	2018	10.1038/s41559-017-0446-6	Teposcolula-Yucundaa	17.499	-97.467	Mexico	Tepos_20	Homo sapiens	400	10.1038/s41559-017-0446-6	bacteria	Salmonella enterica	tooth	chromosome	NA	ENA	raw	PRJEB23438	ERS2020221
Vagene2018	2018	10.1038/s41559-017-0446-6	Teposcolula-Yucundaa	17.499	-97.467	Mexico	Tepos_34	Homo sapiens	400	10.1038/s41559-017-0446-6	bacteria	Salmonella enterica	tooth	chromosome	NA	ENA	raw	PRJEB23438	ERS2020226
Vagene2018	2018	10.1038/s41559-017-0446-6	Teposcolula-Yucundaa	17.499	-97.467	Mexico	Tepos_35	Homo sapiens	400	10.1038/s41559-017-0446-6	bacteria	Salmonella enterica	tooth	chromosome	NA	ENA	raw	PRJEB23438	ERS2020227
Vagene2018	2018	10.1038/s41559-017-0446-6	Teposcolula-Yucundaa	17.499	-97.467	Mexico	Tepos_36	Homo sapiens	400	10.1038/s41559-017-0446-6	bacteria	Salmonella enterica	tooth	chromosome	NA	ENA	raw	PRJEB23438	ERS2020228
Vagene2018	2018	10.1038/s41559-017-0446-6	Teposcolula-Yucundaa	17.499	-97.467	Mexico	Tepos_37	Homo sapiens	400	10.1038/s41559-017-0446-6	bacteria	Salmonella enterica	tooth	chromosome	NA	ENA	raw	PRJEB23438	ERS2020229
Vagene2018	2018	10.1038/s41559-017-0446-6	Teposcolula-Yucundaa	17.499	-97.467	Mexico	Tepos_38	Homo sapiens	400	10.1038/s41559-017-0446-6	bacteria	Salmonella enterica	tooth	chromosome	NA	ENA	raw	PRJEB23438	ERS2020230
Vagene2018	2018	10.1038/s41559-017-0446-6	Teposcolula-Yucundaa	17.499	-97.467	Mexico	Tepos_41	Homo sapiens	400	10.1038/s41559-017-0446-6	bacteria	Salmonella enterica	tooth	chromosome	NA	ENA	raw	PRJEB23438	ERS2020231
deDios2020	2020	10.1016/j.meegid.2020.104209	Musées Royaux des Beaux-Arts de Belgique	50.842	4.358	Belgium	Jean-Paul Marat	Homo sapiens	200	10.1016/j.meegid.2020.104209	eukaryota	Malassezia restricta	blood	chromosome	NA	ENA	raw	PRJEB32319	ERS4278128,ERS4278129,ERS4278130
deDios2020	2020	10.1016/j.meegid.2020.104209	Musées Royaux des Beaux-Arts de Belgique	50.842	4.358	Belgium	Jean-Paul Marat	Homo sapiens	200	10.1016/j.meegid.2020.104209	bacteria	Cutibacterium acnes	blood	chromosome	NA	ENA	raw	PRJEB32319	ERS4278128,ERS4278129,ERS4278130
Zhou2018	2018	10.1016/j.cub.2018.05.058	St. Olav's Cathedral	63.425	10.392	Norway	SK152	Homo sapiens	800	10.1016/j.cub.2018.05.058	bacteria	Salmonella enterica	tooth	chromosome	NA	UCPH ERDA	raw	NA	E56xgi8CEl
Sabin2020	2020	10.1186/s13059-020-02112-1	Lund Cathedral	55.704	13.193	Sweden	Bishop Peder Winstrup	Homo sapiens	300	10.1186/s13059-020-02112-1	bacteria	Mycobacterium tuberculosis	calcified nodule	chromosome	NA	SRA	raw	PRJNA517266	SRS6462469
Kay2014	2014	10.1128/mBio.01337-14	Geridu, Sardinia	40.78	8.574	Italy	2568	Homo sapiens	600	10.1128/mBio.01337-14	bacteria	Brucella melitensis	calcified nodule	chromosome	NA	ENA	raw	PRJEB6045	ERS430636
Devault2014	2014	10.1056/NEJMoa1308663	Mütter Museum, College of Physicians of Philadelphia	39.953	-75.176	USA	3090.13	Homo sapiens	100	10.1056/NEJMoa1308663	bacteria	Vibrio cholerae	intestine	chromosome	NA	SRA	raw	PRJNA219007	SRS480102
Kay2015	2015	10.1038/ncomms7717	Dominican church of Vác	47.777	19.127	Hungary	body_121	Homo sapiens	200	10.1038/ncomms7717	bacteria	Mycobacterium tuberculosis	bone	chromosome	NA	ENA	raw	PRJEB7454	ERS563413,ERS563414,ERS563415
Kay2015	2015	10.1038/ncomms7717	Dominican church of Vác	47.777	19.127	Hungary	body_68	Homo sapiens	200	10.1038/ncomms7717	bacteria	Mycobacterium tuberculosis	lung tissue	chromosome	NA	ENA	raw	PRJEB7454	ERS563404,ERS563405,ERS563406
Kay2015	2015	10.1038/ncomms7717	Dominican church of Vác	47.777	19.127	Hungary	body_78	Homo sapiens	200	10.1038/ncomms7717	bacteria	Mycobacterium tuberculosis	bone	chromosome	NA	ENA	raw	PRJEB7454	ERS563407
Kay2015	2015	10.1038/ncomms7717	Dominican church of Vác	47.777	19.127	Hungary	body_28	Homo sapiens	200	10.1038/ncomms7717	bacteria	Mycobacterium tuberculosis	abdomen	chromosome	NA	ENA	raw	PRJEB7454	ERS563385,ERS563386,ERS563387
Kay2015	2015	10.1038/ncomms7717	Dominican church of Vác	47.777	19.127	Hungary	body_25	Homo sapiens	200	10.1038/ncomms7717	bacteria	Mycobacterium tuberculosis	abdomen	chromosome	NA	ENA	raw	PRJEB7454	ERS563382,ERS563383
Kay2015	2015	10.1038/ncomms7717	Dominican church of Vác	47.777	19.127	Hungary	body_80	Homo sapiens	100	10.1038/ncomms7717	bacteria	Mycobacterium tuberculosis	thoracic segment of trunk	chromosome	NA	ENA	raw	PRJEB7454	ERS563408
Kay2015	2015	10.1038/ncomms7717	Dominican church of Vác	47.777	19.127	Hungary	body_23	Homo sapiens	200	10.1038/ncomms7717	bacteria	Mycobacterium tuberculosis	abdomen	chromosome	NA	ENA	raw	PRJEB7454	ERS563378,ERS563379
Kay2015	2015	10.1038/ncomms7717	Dominican church of Vác	47.777	19.127	Hungary	body_92	Homo sapiens	200	10.1038/ncomms7717	bacteria	Mycobacterium tuberculosis	thoracic segment of trunk	chromosome	NA	ENA	raw	PRJEB7454	ERS563409
vanDorp2020	2020	10.1093/molbev/msz264	Sant Jaume d’Enveja	40.705	0.727	Spain	Ebro-1944	Homo sapiens	100	10.1093/molbev/msz264	eukaryota	Plasmodium vivax	blood	chromosome	NA	ENA	raw	PRJEB30878	ERS3037135,ERS3037137,ERS3037139,ERS3037136,ERS3037140,ERS3037138,ERS3037141
Kerudin2019	2019	10.1016/j.jas.2019.105035	Hospital of  St  James and  St  Mary Magdalene	50.842	-0.759	United Kingdom	C21	Homo sapiens	400	10.1016/j.jas.2019.105035	bacteria	Mycobacterium leprae	bone	chromosome	NA	ENA	raw	PRJEB35037	ERS3908875
Kerudin2019	2019	10.1016/j.jas.2019.105035	Hospital of  St  James and  St  Mary Magdalene	50.842	-0.759	United Kingdom	C48	Homo sapiens	400	10.1016/j.jas.2019.105035	bacteria	Mycobacterium leprae	bone	chromosome	NA	ENA	raw	PRJEB35037	ERS3908876
Kerudin2019	2019	10.1016/j.jas.2019.105035	Raunds Furnells cemetary	52.349	-0.534	United Kingdom	R5046	Homo sapiens	800	10.1016/j.jas.2019.105035	bacteria	Mycobacterium leprae	bone	chromosome	NA	ENA	raw	PRJEB35037	ERS3908877
Worobey2016	2016	10.1038/nature19827	San Francisco Cohort	37.77	-122.42	USA	SF73	Homo sapiens	100	10.1038/nature19827	virus	Human immunodeficiency virus 1	blood	chromosome	NA	Dryad	consensus	NA	10.5061/dryad.7mv7v
Worobey2016	2016	10.1038/nature19827	San Francisco Cohort	37.77	-122.42	USA	SF74	Homo sapiens	100	10.1038/nature19827	virus	Human immunodeficiency virus 1	blood	chromosome	NA	Dryad	consensus	NA	10.5061/dryad.7mv7v
Worobey2016	2016	10.1038/nature19827	San Francisco Cohort	37.77	-122.42	USA	SF20	Homo sapiens	100	10.1038/nature19827	virus	Human immunodeficiency virus 1	blood	chromosome	NA	Dryad	consensus	NA	10.5061/dryad.7mv7v
Worobey2016	2016	10.1038/nature19827	New York Cohort	40.69	-73.98	USA	NYC7	Homo sapiens	100	10.1038/nature19827	virus	Human immunodeficiency virus 1	blood	chromosome	NA	Dryad	consensus	NA	10.5061/dryad.7mv7v
Worobey2016	2016	10.1038/nature19827	New York Cohort	40.69	-73.98	USA	NYC16	Homo sapiens	100	10.1038/nature19827	virus	Human immunodeficiency virus 1	blood	chromosome	NA	Dryad	consensus	NA	10.5061/dryad.7mv7v
Worobey2016	2016	10.1038/nature19827	New York Cohort	40.69	-73.98	USA	NYC12	Homo sapiens	100	10.1038/nature19827	virus	Human immunodeficiency virus 1	blood	chromosome	NA	Dryad	consensus	NA	10.5061/dryad.7mv7v
Worobey2016	2016	10.1038/nature19827	New York Cohort	40.69	-73.98	USA	NYC4	Homo sapiens	100	10.1038/nature19827	virus	Human immunodeficiency virus 1	blood	chromosome	NA	Dryad	consensus	NA	10.5061/dryad.7mv7v
Worobey2016	2016	10.1038/nature19827	New York Cohort	40.69	-73.98	USA	Patient0 (PZconservative040513)	Homo sapiens	100	10.1038/nature19827	virus	Human immunodeficiency virus 1	blood	chromosome	NA	Dryad	consensus	NA	10.5061/dryad.7mv7v
deDios2019	2019	10.1099/mgen.0.000289	Sant Jaume d’Enveja	40.705	0.727	Spain	Ebro-1944	Homo sapiens	100	10.1099/mgen.0.000289	eukaryota	Plasmodium falciparum	blood	chromosome	NA	ENA	raw	PRJEB32165	ERS3369379,ERS3369380,ERS3369382,ERS3369383
Schuenemann2011	2011	10.1073/pnas.1105107108	East Smithfield Cemetery	51.508	-0.069	United Kingdom	ES 1-5	Homo sapiens	600	10.1073/pnas.1105107108	bacteria	Yersinia pestis	tooth	organelle	NA	GenBank	consensus	NA	HE576987
Duggan2020	2020	10.1186/s13059-020-02079-z	Mütter Museum, College of Physicians of Philadelphia	39.953	-75.176	USA	VK01	Homo sapiens	100	10.1186/s13059-020-02079-z	virus	Vaccinia virus	bodily fluid material	chromosome	NA	SRA	raw,consensus	PRJNA561155	SRS5298897
Duggan2020	2020	10.1186/s13059-020-02079-z	Mütter Museum, College of Physicians of Philadelphia	39.953	-75.176	USA	VK02	Homo sapiens	100	10.1186/s13059-020-02079-z	virus	Vaccinia virus	bodily fluid material	chromosome	NA	SRA	raw	PRJNA561155	SRS5298896
Duggan2020	2020	10.1186/s13059-020-02079-z	Mütter Museum, College of Physicians of Philadelphia	39.953	-75.176	USA	VK05	Homo sapiens	100	10.1186/s13059-020-02079-z	virus	Vaccinia virus	bodily fluid material	chromosome	NA	SRA	raw	PRJNA561155	SRS5298895
Duggan2020	2020	10.1186/s13059-020-02079-z	Mütter Museum, College of Physicians of Philadelphia	39.953	-75.176	USA	VK08	Homo sapiens	100	10.1186/s13059-020-02079-z	virus	Vaccinia virus	bodily fluid material	chromosome	NA	SRA	raw	PRJNA561155	SRS5298894
Duggan2020	2020	10.1186/s13059-020-02079-z	Mütter Museum, College of Physicians of Philadelphia	39.953	-75.176	USA	VK12	Homo sapiens	100	10.1186/s13059-020-02079-z	virus	Vaccinia virus	medical instrument	chromosome	NA	SRA	raw	PRJNA561155	SRS5298893
Namouchi2018	2018	10.1073/pnas.1812865115	Abbadia San Salvatore	42.88	11.676	Italy	BSS31	Homo sapiens	600	10.1073/pnas.1812865115	bacteria	Yersinia pestis	tooth	chromosome	NA	ENA	raw	PRJEB24499	ERS2865269
Namouchi2018	2018	10.1073/pnas.1812865115	Saint-Laurent-de-la-Cabrerisse	43.087	2.72	France	SLC1006	Homo sapiens	600	10.1073/pnas.1812865115	bacteria	Yersinia pestis	tooth	chromosome	NA	ENA	raw	PRJEB24499	ERS2865271
Namouchi2018	2018	10.1073/pnas.1812865115	St Nicolay and St Clement	59.904	10.765	Norway	OSL1	Homo sapiens	600	10.1073/pnas.1812865115	bacteria	Yersinia pestis	tooth	chromosome	NA	ENA	raw	PRJEB24499	ERS2865270
Namouchi2018	2018	10.1073/pnas.1812865115	Bergen op Zoom	51.494	4.287	Netherlands	Ber45	Homo sapiens	600	10.1073/pnas.1812865115	bacteria	Yersinia pestis	tooth	chromosome	NA	ENA	raw	PRJEB24499	ERS2865268
Namouchi2018	2018	10.1073/pnas.1812865115	Bergen op Zoom	51.494	4.287	Netherlands	Ber37	Homo sapiens	600	10.1073/pnas.1812865115	bacteria	Yersinia pestis	tooth	chromosome	NA	ENA	raw	PRJEB24499	ERS2865267
Spyrou2016	2016	10.1016/j.chom.2016.05.012	Sants Màrtirs Just i Pastor	41.382	2.178	Spain	Barcelona_3031	Homo sapiens	600	10.1016/j.chom.2016.05.012	bacteria	Yersinia pestis	tooth	chromosome	NA	ENA	raw	PRJEB13664	ERS1124787
Spyrou2016	2016	10.1016/j.chom.2016.05.012	Ust-Jerusalem necropolis	54.967	49.034	Russia	Bolgar_2370	Homo sapiens	600	10.1016/j.chom.2016.05.012	bacteria	Yersinia pestis	tooth	chromosome	NA	ENA	raw	PRJEB13664	ERS1124788
Spyrou2016	2016	10.1016/j.chom.2016.05.012	“Marktplatz” Ellwangen	48.962	10.131	Germany	Ellwangen 549_O	Homo sapiens	400	10.1016/j.chom.2016.05.012	bacteria	Yersinia pestis	tooth	chromosome	NA	ENA	raw	PRJEB13664	ERS1124790,ERS1124789
Martin2013	2013	10.1038/ncomms3172	Audernade	50.86	3.63	Belgium	Pi1845A	Solanum tuberosum	100	10.1038/ncomms3172	eukaryota	Phytophthora infestans	leaf	chromosome	NA	SRA	raw	PRJEB4015	ERS258003
Martin2013	2013	10.1038/ncomms3172	Unknown	51.52	-0.13	United Kingdom	Pi1845B	Solanum tuberosum	100	10.1038/ncomms3172	eukaryota	Phytophthora infestans	leaf	chromosome	NA	SRA	raw	PRJEB4015	ERS258004
Martin2013	2013	10.1038/ncomms3172	Skårop	55.09	10.69	Denmark	Pi1876	Solanum tuberosum	100	10.1038/ncomms3172	eukaryota	Phytophthora infestans	leaf	chromosome	NA	SRA	raw	PRJEB4015	ERS258005
Martin2013	2013	10.1038/ncomms3172	Stockholm	59.33	18.07	Sweden	Pi1882	Solanum tuberosum	100	10.1038/ncomms3172	eukaryota	Phytophthora infestans	leaf	chromosome	NA	SRA	raw	PRJEB4015	ERS258006
Martin2013	2013	10.1038/ncomms3172	Unknown	50.11	8.65	Germany	Pi1889	Solanum tuberosum	100	10.1038/ncomms3172	eukaryota	Phytophthora infestans	leaf	chromosome	NA	SRA	raw	PRJEB4015	ERS258007
Spyrou2019	2019	10.1038/s41467-019-12154-0	“Marktplatz” Ellwangen	48.962	10.131	Germany	Ellwangen 549_O	Homo sapiens	400	10.1038/s41467-019-12154-0	bacteria	Yersinia pestis	tooth	chromosome	NA	ENA	raw	PRJEB29990	ERS3607398
Spyrou2019	2019	10.1038/s41467-019-12154-0	New Churchyard (Bedlam) burial ground	51.517	-0.083	United Kingdom	BED030.A0102	Homo sapiens	400	10.1038/s41467-019-12154-0	bacteria	Yersinia pestis	tooth	chromosome	NA	ENA	raw	PRJEB29990	ERS3607393
Spyrou2019	2019	10.1038/s41467-019-12154-0	New Churchyard (Bedlam) burial ground	51.517	-0.083	United Kingdom	BED028.A0102	Homo sapiens	400	10.1038/s41467-019-12154-0	bacteria	Yersinia pestis	tooth	chromosome	NA	ENA	raw	PRJEB29990	ERS3607392
Spyrou2019	2019	10.1038/s41467-019-12154-0	New Churchyard (Bedlam) burial ground	51.517	-0.083	United Kingdom	BED034.A0102	Homo sapiens	400	10.1038/s41467-019-12154-0	bacteria	Yersinia pestis	tooth	chromosome	NA	ENA	raw	PRJEB29990	ERS3607394
Spyrou2019	2019	10.1038/s41467-019-12154-0	New Churchyard (Bedlam) burial ground	51.517	-0.083	United Kingdom	BED024.A0102	Homo sapiens	400	10.1038/s41467-019-12154-0	bacteria	Yersinia pestis	tooth	chromosome	NA	ENA	raw	PRJEB29990	ERS3607391
Spyrou2019	2019	10.1038/s41467-019-12154-0	New Churchyard (Bedlam) burial ground	51.517	-0.083	United Kingdom	BED038.A0102	Homo sapiens	400	10.1038/s41467-019-12154-0	bacteria	Yersinia pestis	tooth	chromosome	NA	ENA	raw	PRJEB29990	ERS3607395
Spyrou2019	2019	10.1038/s41467-019-12154-0	Domlinden 12	52.414	12.567	Germany	BRA001.A0101	Homo sapiens	300	10.1038/s41467-019-12154-0	bacteria	Yersinia pestis	tooth	chromosome	NA	ENA	raw	PRJEB29990	ERS3607396
Spyrou2019	2019	10.1038/s41467-019-12154-0	Domlinden 12	52.414	12.567	Germany	BRA003.A0101	Homo sapiens	300	10.1038/s41467-019-12154-0	bacteria	Yersinia pestis	tooth	chromosome	NA	ENA	raw	PRJEB29990	ERS3607397
Spyrou2019	2019	10.1038/s41467-019-12154-0	Laishevo III cemetery	55.401	49.549	Russia	LAI009.A0101	Homo sapiens	600	10.1038/s41467-019-12154-0	bacteria	Yersinia pestis	tooth	chromosome	NA	ENA	raw	PRJEB29990	ERS3607399
Spyrou2019	2019	10.1038/s41467-019-12154-0	Laishevo III cemetery	55.401	49.549	Russia	LAI010.A0101	Homo sapiens	600	10.1038/s41467-019-12154-0	bacteria	Yersinia pestis	tooth	chromosome	NA	ENA	raw	PRJEB29990	ERS3607400
Spyrou2019	2019	10.1038/s41467-019-12154-0	Kirchhof St. Johannis	48.05	10.868	Germany	LBG002.A0101	Homo sapiens	400	10.1038/s41467-019-12154-0	bacteria	Yersinia pestis	tooth	chromosome	NA	ENA	raw	PRJEB29990	ERS3607401
Spyrou2019	2019	10.1038/s41467-019-12154-0	St. Leonhardi	48.717	11.495	Germany	MAN008.B0101	Homo sapiens	600	10.1038/s41467-019-12154-0	bacteria	Yersinia pestis	tooth	chromosome	NA	ENA	raw	PRJEB29990	ERS3607402
Spyrou2019	2019	10.1038/s41467-019-12154-0	St. Leonhardi	48.717	11.495	Germany	MAN015.A0101	Homo sapiens	600	10.1038/s41467-019-12154-0	bacteria	Yersinia pestis	tooth	chromosome	NA	ENA	raw	PRJEB29990	ERS3607403
Spyrou2019	2019	10.1038/s41467-019-12154-0	Sankt Johans Freidhof	49.451	12.177	Germany	NAB005.A/B0101	Homo sapiens	600	10.1038/s41467-019-12154-0	bacteria	Yersinia pestis	tooth	chromosome	NA	ENA	raw	PRJEB29990	ERS3607406
Spyrou2019	2019	10.1038/s41467-019-12154-0	Sankt Johans Freidhof	49.451	12.177	Germany	NAB003.B0101	Homo sapiens	600	10.1038/s41467-019-12154-0	bacteria	Yersinia pestis	tooth	chromosome	NA	ENA	raw	PRJEB29990	ERS3607404
Spyrou2019	2019	10.1038/s41467-019-12154-0	Sankt Johans Freidhof	49.451	12.177	Germany	NAB004.A0101	Homo sapiens	600	10.1038/s41467-019-12154-0	bacteria	Yersinia pestis	tooth	chromosome	NA	ENA	raw	PRJEB29990	ERS3607405
Spyrou2019	2019	10.1038/s41467-019-12154-0	Augustinian Friary	52.202	0.12	United Kingdom	NMS002.A0101	Homo sapiens	400	10.1038/s41467-019-12154-0	bacteria	Yersinia pestis	tooth	chromosome	NA	ENA	raw	PRJEB29990	ERS3607408
Spyrou2019	2019	10.1038/s41467-019-12154-0	Augustinian Friary	52.202	0.12	United Kingdom	NMS003.A0101	Homo sapiens	600	10.1038/s41467-019-12154-0	bacteria	Yersinia pestis	tooth	chromosome	NA	ENA	raw	PRJEB29990	ERS3607409
Spyrou2019	2019	10.1038/s41467-019-12154-0	Possenhofener Str. 3	47.995	11.339	Germany	STA001.A0101	Homo sapiens	400	10.1038/s41467-019-12154-0	bacteria	Yersinia pestis	tooth	chromosome	NA	ENA	raw	PRJEB29990	ERS3607410
Spyrou2019	2019	10.1038/s41467-019-12154-0	Nägeligasse, St. Peter and Paul churchyard	46.956	8.365	Switzerland	STN014.A0101	Homo sapiens	400	10.1038/s41467-019-12154-0	bacteria	Yersinia pestis	tooth	chromosome	NA	ENA	raw	PRJEB29990	ERS3607419
Spyrou2019	2019	10.1038/s41467-019-12154-0	Nägeligasse, St. Peter and Paul churchyard	46.956	8.365	Switzerland	STN020.A0101	Homo sapiens	400	10.1038/s41467-019-12154-0	bacteria	Yersinia pestis	tooth	chromosome	NA	ENA	raw	PRJEB29990	ERS3607422
Spyrou2019	2019	10.1038/s41467-019-12154-0	Nägeligasse, St. Peter and Paul churchyard	46.956	8.365	Switzerland	STN021.A0101	Homo sapiens	400	10.1038/s41467-019-12154-0	bacteria	Yersinia pestis	tooth	chromosome	NA	ENA	raw	PRJEB29990	ERS3607423
Spyrou2019	2019	10.1038/s41467-019-12154-0	Nägeligasse, St. Peter and Paul churchyard	46.956	8.365	Switzerland	STN019.A0101	Homo sapiens	400	10.1038/s41467-019-12154-0	bacteria	Yersinia pestis	tooth	chromosome	NA	ENA	raw	PRJEB29990	ERS3607421
Spyrou2019	2019	10.1038/s41467-019-12154-0	Nägeligasse, St. Peter and Paul churchyard	46.956	8.365	Switzerland	STN007.A0101	Homo sapiens	400	10.1038/s41467-019-12154-0	bacteria	Yersinia pestis	tooth	chromosome	NA	ENA	raw	PRJEB29990	ERS3607414
Spyrou2019	2019	10.1038/s41467-019-12154-0	Nägeligasse, St. Peter and Paul churchyard	46.956	8.365	Switzerland	STN002.A0101	Homo sapiens	400	10.1038/s41467-019-12154-0	bacteria	Yersinia pestis	tooth	chromosome	NA	ENA	raw	PRJEB29990	ERS3607411
Spyrou2019	2019	10.1038/s41467-019-12154-0	Nägeligasse, St. Peter and Paul churchyard	46.956	8.365	Switzerland	STN008.A0101	Homo sapiens	400	10.1038/s41467-019-12154-0	bacteria	Yersinia pestis	tooth	chromosome	NA	ENA	raw	PRJEB29990	ERS3607415
Spyrou2019	2019	10.1038/s41467-019-12154-0	Nägeligasse, St. Peter and Paul churchyard	46.956	8.365	Switzerland	STN013.A0101	Homo sapiens	400	10.1038/s41467-019-12154-0	bacteria	Yersinia pestis	tooth	chromosome	NA	ENA	raw	PRJEB29990	ERS3607418
Spyrou2019	2019	10.1038/s41467-019-12154-0	Nägeligasse, St. Peter and Paul churchyard	46.956	8.365	Switzerland	STN011.A0101	Homo sapiens	400	10.1038/s41467-019-12154-0	bacteria	Yersinia pestis	tooth	chromosome	NA	ENA	raw	PRJEB29990	ERS3607416
Spyrou2019	2019	10.1038/s41467-019-12154-0	Nägeligasse, St. Peter and Paul churchyard	46.956	8.365	Switzerland	STN004.A0101	Homo sapiens	400	10.1038/s41467-019-12154-0	bacteria	Yersinia pestis	tooth	chromosome	NA	ENA	raw	PRJEB29990	ERS3607412
Spyrou2019	2019	10.1038/s41467-019-12154-0	Nägeligasse, St. Peter and Paul churchyard	46.956	8.365	Switzerland	STN032.A0101	Homo sapiens	400	10.1038/s41467-019-12154-0	bacteria	Yersinia pestis	tooth	chromosome	NA	ENA	raw	PRJEB29990	ERS3607425
Spyrou2019	2019	10.1038/s41467-019-12154-0	Nägeligasse, St. Peter and Paul churchyard	46.956	8.365	Switzerland	STN031.A0101	Homo sapiens	400	10.1038/s41467-019-12154-0	bacteria	Yersinia pestis	tooth	chromosome	NA	ENA	raw	PRJEB29990	ERS3607424
Spyrou2019	2019	10.1038/s41467-019-12154-0	Nägeligasse, St. Peter and Paul churchyard	46.956	8.365	Switzerland	STN005.A0101	Homo sapiens	400	10.1038/s41467-019-12154-0	bacteria	Yersinia pestis	tooth	chromosome	NA	ENA	raw	PRJEB29990	ERS3607413
Spyrou2019	2019	10.1038/s41467-019-12154-0	Nägeligasse, St. Peter and Paul churchyard	46.956	8.365	Switzerland	STN018.A0101	Homo sapiens	400	10.1038/s41467-019-12154-0	bacteria	Yersinia pestis	tooth	chromosome	NA	ENA	raw	PRJEB29990	ERS3607420
Spyrou2019	2019	10.1038/s41467-019-12154-0	Nägeligasse, St. Peter and Paul churchyard	46.956	8.365	Switzerland	STN012.A0101	Homo sapiens	400	10.1038/s41467-019-12154-0	bacteria	Yersinia pestis	tooth	chromosome	NA	ENA	raw	PRJEB29990	ERS3607417
Spyrou2019	2019	10.1038/s41467-019-12154-0	16 rue des Trente Six Ponts	43.592	1.446	France	TRP002.A0101/02	Homo sapiens	600	10.1038/s41467-019-12154-0	bacteria	Yersinia pestis	tooth	chromosome	NA	ENA	raw	PRJEB29990	ERS3607426
KrauseKyora2018b	2018	10.1038/s41467-018-03857-x	St. Jørgen cemetery, Odense	55.399	10.406	Denmark	G34	Homo sapiens	500	10.1038/s41467-018-03857-x	bacteria	Mycobacterium leprae	tooth	chromosome	NA	ENA	raw	PRJEB19769	ERS1574242
KrauseKyora2018b	2018	10.1038/s41467-018-03857-x	St. Jørgen cemetery, Odense	55.399	10.406	Denmark	G154	Homo sapiens	500	10.1038/s41467-018-03857-x	bacteria	Mycobacterium leprae	tooth	chromosome	NA	ENA	raw	PRJEB19769	ERS1574227
KrauseKyora2018b	2018	10.1038/s41467-018-03857-x	St. Jørgen cemetery, Odense	55.399	10.406	Denmark	G404 / Jorgen_404	Homo sapiens	700	10.1371/journal.ppat.1006997	bacteria	Mycobacterium leprae	tooth	chromosome	NA	ENA	raw	PRJEB19769	ERS1574247
KrauseKyora2018b	2018	10.1038/s41467-018-03857-x	St. Jørgen cemetery, Odense	55.399	10.406	Denmark	G427 / Jorgen_427	Homo sapiens	700	10.1371/journal.ppat.1006997	bacteria	Mycobacterium leprae	tooth	chromosome	NA	ENA	raw	PRJEB19769	ERS1574249
KrauseKyora2018b	2018	10.1038/s41467-018-03857-x	St. Jørgen cemetery, Odense	55.399	10.406	Denmark	G507 / Jorgen_507	Homo sapiens	800	10.1371/journal.ppat.1006997	bacteria	Mycobacterium leprae	tooth	chromosome	NA	ENA	raw	PRJEB19769	ERS1574253
KrauseKyora2018b	2018	10.1038/s41467-018-03857-x	St. Jørgen cemetery, Odense	55.399	10.406	Denmark	G533 / Jorgen_533	Homo sapiens	800	10.1371/journal.ppat.1006997	bacteria	Mycobacterium leprae	tooth	chromosome	NA	ENA	raw	PRJEB19769	ERS1574254
KrauseKyora2018b	2018	10.1038/s41467-018-03857-x	St. Jørgen cemetery, Odense	55.399	10.406	Denmark	G722 / Jorgen_722	Homo sapiens	600	10.1371/journal.ppat.1006997	bacteria	Mycobacterium leprae	tooth	chromosome	NA	ENA	raw	PRJEB19769	ERS1574259
KrauseKyora2018b	2018	10.1038/s41467-018-03857-x	St. Jørgen cemetery, Odense	55.399	10.406	Denmark	G749 / Jorgen_749	Homo sapiens	700	10.1371/journal.ppat.1006997	bacteria	Mycobacterium leprae	tooth	chromosome	NA	ENA	raw	PRJEB19769	ERS1574262
KrauseKyora2018b	2018	10.1038/s41467-018-03857-x	St. Jørgen cemetery, Odense	55.399	10.406	Denmark	G1083	Homo sapiens	500	10.1038/s41467-018-03857-x	bacteria	Mycobacterium leprae	tooth	chromosome	NA	ENA	raw	PRJEB19769	ERS1574217
KrauseKyora2018b	2018	10.1038/s41467-018-03857-x	St. Jørgen cemetery, Odense	55.399	10.406	Denmark	G1149	Homo sapiens	500	10.1038/s41467-018-03857-x	bacteria	Mycobacterium leprae	tooth	chromosome	NA	ENA	raw	PRJEB19769	ERS1574219
Majander2020	2020	10.1016/j.cub.2020.07.058	Holy Ghost Chapel, Turku	60.45	22.27	Finland	CHS119	Homo sapiens	400	10.1016/j.cub.2020.07.058	bacteria	Treponema pallidum	tooth	chromosome	NA	ENA	raw	PRJEB35855	ERS4982024,ERS4982025,ERS4982023,ERS4982027,ERS4982028,ERS4982026,ERS4982029,ERS4982032,ERS4982033,ERS4982034,ERS4982035,ERS4982036,ERS4982037,ERS4982038,ERS4982039,ERS4982040,ERS4982041,ERS4982042,ERS4982043,ERS4982044,ERS4982045,ERS4982046,ERS4982047,ERS4982048,ERS4982049,ERS4982050,ERS4982052,ERS4982051,ERS4982030,ERS4982031
Majander2020	2020	10.1016/j.cub.2020.07.058	Porvoo Dome cemetery, Porvoo	60.397	25.658	Finland	PD28	Homo sapiens	200	10.1016/j.cub.2020.07.058	bacteria	Treponema pallidum	bone	chromosome	NA	ENA	raw	PRJEB35855	ERS4982084,ERS4982081,ERS4982082,ERS4982083
Majander2020	2020	10.1016/j.cub.2020.07.058	St. Jacob’s cemetery, Tartu	58.38	26.71	Estonia	SJ219	Homo sapiens	400	10.1016/j.cub.2020.07.058	bacteria	Treponema pallidum	bone	chromosome	NA	ENA	raw	PRJEB35855	ERS4982086,ERS4982087,ERS4982085,ERS4982089,ERS4982090,ERS4982088,ERS4982091,ERS4982092,ERS4982093,ERS4982094,ERS4982095,ERS4982096,ERS4982097,ERS4982098,ERS4982099,ERS4982100,ERS4982101,ERS4982102,ERS4982103,ERS4982104,ERS4982105,ERS4982106,ERS4982107,ERS4982108,ERS4982109,ERS4982110,ERS4982113,ERS4982112,ERS4982111
Majander2020	2020	10.1016/j.cub.2020.07.058	Gertrude’s Infirmary, Kampen	52.55	5.91	Netherlands	KM14-7	Homo sapiens	400	10.1016/j.cub.2020.07.058	bacteria	Treponema pallidum	bone	chromosome	NA	ENA	raw	PRJEB35855	ERS4982054,ERS4982053,ERS4982055,ERS4982056,ERS4982057,ERS4982058,ERS4982059,ERS4982060,ERS4982061,ERS4982062,ERS4982063,ERS4982064,ERS4982065,ERS4982066,ERS4982067,ERS4982068,ERS4982069,ERS4982070,ERS4982071,ERS4982072,ERS4982073,ERS4982074,ERS4982075,ERS4982076,ERS4982077,ERS4982078,ERS4982079,ERS4982080
Yoshida2013	2013	10.7554/eLife.00731.002	England (in Kew Royal Botanical Gardens herbarium)	53	-1	United Kingdom	KM177500	Solanum tuberosum	100	10.7554/eLife.00731.002	eukaryota	Phytophthora infestans	leaf	chromosome	NA	ENA	raw	PRJEB1877	ERS241528
Yoshida2013	2013	10.7554/eLife.00731.002	Ireland (in Kew Royal Botanical Gardens herbarium)	53	-8	Ireland	KM177513	Solanum tuberosum	100	10.7554/eLife.00731.002	eukaryota	Phytophthora infestans	leaf	chromosome	NA	ENA	raw	PRJEB1877	ERS241529
Yoshida2013	2013	10.7554/eLife.00731.002	England (in Kew Royal Botanical Gardens herbarium)	53	-1	United Kingdom	KM177497	Solanum tuberosum	100	10.7554/eLife.00731.002	eukaryota	Phytophthora infestans	leaf	chromosome	NA	ENA	raw	PRJEB1877	ERS788351
Yoshida2013	2013	10.7554/eLife.00731.002	Ireland (in Kew Royal Botanical Gardens herbarium)	53	-8	Ireland	KM177514	Solanum tuberosum	100	10.7554/eLife.00731.002	eukaryota	Phytophthora infestans	leaf	chromosome	NA	ENA	raw	PRJEB1877	ERS241530
Yoshida2013	2013	10.7554/eLife.00731.002	England (in Kew Royal Botanical Gardens herbarium)	53	-1	United Kingdom	KM177548	Solanum tuberosum	100	10.7554/eLife.00731.002	eukaryota	Phytophthora infestans	leaf	chromosome	NA	ENA	raw	PRJEB1877	ERS241531
Yoshida2013	2013	10.7554/eLife.00731.002	Germany (in Botanische Staatssammlung München herbarium)	51	10	Germany	M-0182898	Solanum tuberosum	100	10.7554/eLife.00731.002	eukaryota	Phytophthora infestans	leaf	chromosome	NA	ENA	raw	PRJEB1877	ERS241532
Yoshida2013	2013	10.7554/eLife.00731.002	England (in Kew Royal Botanical Gardens herbarium)	53	-1	United Kingdom	KM177509	Solanum tuberosum	100	10.7554/eLife.00731.002	eukaryota	Phytophthora infestans	leaf	chromosome	NA	ENA	raw	PRJEB1877	ERS241533
Yoshida2013	2013	10.7554/eLife.00731.002	Germany (in Botanische Staatssammlung München herbarium)	51	10	Germany	M-0182900	Solanum lycopersicum	100	10.7554/eLife.00731.002	eukaryota	Phytophthora infestans	leaf	chromosome	NA	ENA	raw	PRJEB1877	ERS241534
Yoshida2013	2013	10.7554/eLife.00731.002	Germany (in Kew Royal Botanical Gardens herbarium)	51	10	Germany	M-0182907	Solanum tuberosum	100	10.7554/eLife.00731.002	eukaryota	Phytophthora infestans	leaf	chromosome	NA	ENA	raw	PRJEB1877	ERS241535
Yoshida2013	2013	10.7554/eLife.00731.002	Wales (in Kew Royal Botanical Gardens herbarium)	52.3	-3.5	United Kingdom	KM177517	Solanum tuberosum	100	10.7554/eLife.00731.002	eukaryota	Phytophthora infestans	leaf	chromosome	NA	ENA	raw	PRJEB1877	ERS241536
Yoshida2013	2013	10.7554/eLife.00731.002	USA (in Botanische Staatssammlung München herbarium)	40	-101	USA	M-0182897	Solanum lycopersicum	100	10.7554/eLife.00731.002	eukaryota	Phytophthora infestans	leaf	chromosome	NA	ENA	raw	PRJEB1877	ERS241537
Yoshida2013	2013	10.7554/eLife.00731.002	Germany (in Botanische Staatssammlung München herbarium)	51	10	Germany	M-0182906	Solanum tuberosum	100	10.7554/eLife.00731.002	eukaryota	Phytophthora infestans	leaf	chromosome	NA	ENA	raw	PRJEB1877	ERS241538
Yoshida2013	2013	10.7554/eLife.00731.002	Germany (in Botanische Staatssammlung München herbarium)	51	10	Germany	M-0182896	Solanum tuberosum	100	10.7554/eLife.00731.002	eukaryota	Phytophthora infestans	leaf	chromosome	NA	ENA	raw	PRJEB1877	ERS241539
Yoshida2013	2013	10.7554/eLife.00731.002	Austria (in Botanische Staatssammlung München herbarium)	47.5	14	Austria	M-0182904	Solanum tuberosum	100	10.7554/eLife.00731.002	eukaryota	Phytophthora infestans	leaf	chromosome	NA	ENA	raw	PRJEB1877	ERS241540
Yoshida2013	2013	10.7554/eLife.00731.002	Canada (in Botanische Staatssammlung München herbarium)	58	-109	Canada	M-0182903	Solanum tuberosum	100	10.7554/eLife.00731.002	eukaryota	Phytophthora infestans	leaf	chromosome	NA	ENA	raw	PRJEB1877	ERS241541
Yoshida2013	2013	10.7554/eLife.00731.002	England (in Kew Royal Botanical Gardens herbarium)	53	-1	United Kingdom	KM177512	Solanum tuberosum	100	10.7554/eLife.00731.003	eukaryota	Phytophthora infestans	leaf	chromosome	NA	ENA	raw	PRJEB1877	ERS241542
Muhlemann2020	2020	10.1126/science.aaw8977	Nabberör, Böda	57.244	17.059	Sweden	VK382	Homo sapiens	1300	10.1126/science.aaw8977	virus	Variola virus	tooth	chromosome	NA	SRA	reference_aligned	PRJEB38129	ERS4540432
Muhlemann2020	2020	10.1126/science.aaw8977	Lødingen,, Nordland	68.411	15.988	Norway	VK388	Homo sapiens	1300	10.1126/science.aaw8977	virus	Variola virus	tooth	chromosome	NA	SRA	reference_aligned	PRJEB38129	ERS4540433
Muhlemann2020	2020	10.1126/science.aaw8977	Gnezdovo	54.784	31.865	Russia	VK470	Homo sapiens	1000	10.1126/science.aaw8977	virus	Variola virus	tooth	chromosome	NA	SRA	reference_aligned	PRJEB38129	ERS4540435
Muhlemann2020	2020	10.1126/science.aaw8977	Bårse ‘Tyvestensagern’	55.125	11.951	Denmark	VK281	Homo sapiens	1000	10.1126/science.aaw8977	virus	Variola virus	tooth	chromosome	NA	SRA	reference_aligned	PRJEB38129	ERS4540431
Muhlemann2020	2020	10.1126/science.aaw8977	St. John’s College, Oxford	51.756	-1.259	United Kingdom	VK168	Homo sapiens	1000	10.1126/science.aaw8977	virus	Variola virus	bone	chromosome	NA	SRA	reference_aligned	PRJEB38129	ERS4540429
Muhlemann2020	2020	10.1126/science.aaw8977	Sörby-Störlinge	56.81	16.735	Sweden	VK533	Homo sapiens	1000	10.1126/science.aaw8977	virus	Variola virus	tooth	chromosome	NA	SRA	reference_aligned	PRJEB38129	ERS4540437
Muhlemann2020	2020	10.1126/science.aaw8977	Bodø	67.279	14.404	Norway	VK515	Homo sapiens	1200	10.1126/science.aaw8977	virus	Variola virus	tooth	chromosome	NA	SRA	reference_aligned	PRJEB38129	ERS4540436
Muhlemann2020	2020	10.1126/science.aaw8977	Gnezdovo	54.784	31.865	Russia	VK255	Homo sapiens	1000	10.1126/science.aaw8977	virus	Variola virus	tooth	chromosome	NA	SRA	reference_aligned	PRJEB38129	ERS4540430
Muhlemann2020	2020	10.1126/science.aaw8977	Varzino	68.37	38.38	Russia	FIN1	Homo sapiens	100	10.1126/science.aaw8977	virus	Variola virus	tooth	chromosome	NA	SRA	reference_aligned	PRJEB38129	ERS4540426
Muhlemann2020	2020	10.1126/science.aaw8977	Khalas-Pugor, Salekhard	66.546	66.605	Russia	KHA1	Homo sapiens	100	10.1126/science.aaw8977	virus	Variola virus	bone	chromosome	NA	SRA	reference_aligned	PRJEB38129	ERS4540425
Muhlemann2020	2020	10.1126/science.aaw8977	Forgalla skepp, Böda	57.244	17.059	Sweden	VK443	Homo sapiens	1000	10.1126/science.aaw8977	virus	Variola virus	tooth	chromosome	NA	SRA	reference_aligned	PRJEB38129	ERS4540434
Muhlemann2020	2020	10.1126/science.aaw8977	Ljungbacka, Lockarp	55.532	13.032	Sweden	VK108	Homo sapiens	1000	10.1126/science.aaw8977	virus	Variola virus	tooth	chromosome	NA	SRA	reference_aligned	PRJEB38129	ERS4540427
Muhlemann2020	2020	10.1126/science.aaw8977	Galgedil, Funen	55.524	10.386	Denmark	VK138	Homo sapiens	1000	10.1126/science.aaw8977	virus	Variola virus	tooth	chromosome	NA	SRA	reference_aligned	PRJEB38129	ERS4540428
Mendum2014	2014	10.1186/1471-2164-15-270	St. Mary Magdalene leprosarium, Winchester	51.059	-1.308	United Kingdom	Sk14	Homo sapiens	1000	10.1186/1471-2164-15-270	bacteria	Mycobacterium leprae	bone	chromosome	NA	ENA	raw	PRJNA200950	SRS418847
Mendum2014	2014	10.1186/1471-2164-15-270	St. Mary Magdalene leprosarium, Winchester	51.059	-1.308	United Kingdom	Sk27	Homo sapiens	900	10.1186/1471-2164-15-270	bacteria	Mycobacterium leprae	bone	chromosome	NA	TreeBASE	consensus	15537	S15537
Neukamm2020	2020	10.1186/s12915-020-00839-8	Abusir el-Meleq	29.24	31.1	Egypt	Abusir1630	Homo sapiens	2200	10.1038/ncomms15694	bacteria	Mycobacterium leprae	bone	chromosome	NA	ENA	raw	PRJEB33848	ERS3635976,ERS3636087,ERS3636088,ERS3636089
Neukamm2020	2020	10.1186/s12915-020-00839-8	Abusir el-Meleq	29.24	31.1	Egypt	Abusir1543	Homo sapiens	1900	10.1371/journal.pone.0060307	virus	Hepatitis B virus	tissue	chromosome	NA	ENA	raw	PRJEB33848	ERS3636018,ERS3636097,ERS3636099,ERS3636100,ERS3636098,ERS3636101,ERS3636093,ERS3636094,ERS3636095,ERS3636096,ERS3636025
Eerkens2018	2018	10.1016/j.ijpp.2018.05.001	CA-SCL-919, Santa Clara County	37.3	-121.8	USA	16	Homo sapiens	400	10.1016/j.ijpp.2018.05.001	bacteria	Neisseria meningitidis	dental calculus	chromosome	NA	SRA	raw	PRJNA377320	SRS2006287
Susat2020	2020	10.1038/s41598-020-71530-9	Mass grave 1, St. Gertrude's Cemetery, Riga	56.954	24.119	Latvia	G488	Homo sapiens	400	10.1038/s41598-020-71530-9	bacteria	Yersinia pestis	tooth	chromosome	NA	ENA	raw	PRJEB36413	ERS4266556
Susat2020	2020	10.1038/s41598-020-71530-10	Burial pit, St. Gertrude's Cemetery, Riga	56.954	24.119	Latvia	G701	Homo sapiens	400	10.1038/s41598-020-71530-9	bacteria	Yersinia pestis	tooth	chromosome	NA	ENA	raw	PRJEB36413	ERS4266549
Eisenhofer2020	2020	10.1098/rstb.2019.0578	Tokyo	35.71	139.78	Japan	A18023_Japan_Edo_4	Homo sapiens	230	10.1098/rstb.2019.0578	bacteria	Anaerolineaceae bacterium oral taxon 439	dental calculus	chromosome	NA	SRA	raw	PRJNA608555	SRS6212663
Eisenhofer2020	2020	10.1098/rstb.2019.0578	Tokyo	35.71	139.78	Japan	A18021_Japan_Edo_2	Homo sapiens	230	10.1098/rstb.2019.0578	bacteria	Anaerolineaceae bacterium oral taxon 439	dental calculus	chromosome	NA	SRA	raw	PRJNA608555	SRS6212661
Eisenhofer2020	2020	10.1098/rstb.2019.0578	Tokyo	35.71	139.78	Japan	A18020_Japan_Edo_1	Homo sapiens	230	10.1098/rstb.2019.0578	bacteria	Anaerolineaceae bacterium oral taxon 439	dental calculus	chromosome	NA	SRA	raw	PRJNA608555	SRS6212660
Eisenhofer2020	2020	10.1098/rstb.2019.0578	Miyano	39.12	141.81	Japan	A18018_Japan_Jomon_4	Homo sapiens	2700	10.1098/rstb.2019.0578	bacteria	Anaerolineaceae bacterium oral taxon 439	dental calculus	chromosome	NA	SRA	raw	PRJNA608555	SRS6212658
Eisenhofer2020	2020	10.1098/rstb.2019.0578	Ikawazu	34.64	137.14	Japan	A18016_Japan_Jomon_2	Homo sapiens	2700	10.1098/rstb.2019.0578	bacteria	Anaerolineaceae bacterium oral taxon 439	dental calculus	chromosome	NA	SRA	raw	PRJNA608555	SRS6212656
Eisenhofer2020	2020	10.1098/rstb.2019.0578	Tokyo	35.71	139.78	Japan	A18033_Japan_Edo_10	Homo sapiens	230	10.1098/rstb.2019.0578	bacteria	Anaerolineaceae bacterium oral taxon 439	dental calculus	chromosome	NA	SRA	raw	PRJNA608555	SRS6212655
Eisenhofer2020	2020	10.1098/rstb.2019.0578	Tokyo	35.71	139.78	Japan	A18032_Japan_Edo_9	Homo sapiens	230	10.1098/rstb.2019.0578	bacteria	Anaerolineaceae bacterium oral taxon 439	dental calculus	chromosome	NA	SRA	raw	PRJNA608555	SRS6212654
Eisenhofer2020	2020	10.1098/rstb.2019.0578	Tokyo	35.71	139.78	Japan	A18027_Japan_Edo_8	Homo sapiens	230	10.1098/rstb.2019.0578	bacteria	Anaerolineaceae bacterium oral taxon 439	dental calculus	chromosome	NA	SRA	raw	PRJNA608555	SRS6212652
Eisenhofer2020	2020	10.1098/rstb.2019.0578	Tokyo	35.71	139.78	Japan	A18026_Japan_Edo_7	Homo sapiens	230	10.1098/rstb.2019.0578	bacteria	Anaerolineaceae bacterium oral taxon 439	dental calculus	chromosome	NA	SRA	raw	PRJNA608555	SRS6212651
Eisenhofer2020	2020	10.1098/rstb.2019.0578	Tokyo	35.71	139.78	Japan	A18025_Japan_Edo_6	Homo sapiens	230	10.1098/rstb.2019.0578	bacteria	Anaerolineaceae bacterium oral taxon 439	dental calculus	chromosome	NA	SRA	raw	PRJNA608555	SRS6212650
Eisenhofer2020	2020	10.1098/rstb.2019.0578	Tokyo	35.713	139.767	Japan	A18024_Japan_Edo_5	Homo sapiens	230	10.1098/rstb.2019.0578	bacteria	Anaerolineaceae bacterium oral taxon 439	dental calculus	chromosome	NA	SRA	raw	PRJNA608555	SRS6212649
Eisenhofer2020	2020	10.1098/rstb.2019.0578	Miyano	39.12	141.81	Japan	A18015_Japan_Jomon_1	Homo sapiens	2700	10.1098/rstb.2019.0578	bacteria	Anaerolineaceae bacterium oral taxon 439	dental calculus	chromosome	NA	SRA	raw	PRJNA608555	SRS6212648
Morozova2020	2020	10.1098/rstb.2019.0569	St. Dmitry Rostovsky fortress, Rostov-on-Don	47.23	39.68	Russia	Rostov1639	Homo sapiens	200	10.1098/rstb.2019.0569	bacteria	Yersinia pestis	tooth	chromosome	NA	ENA	raw	PRJEB35426	ERS5071778,ERS5071779,ERS5071780,ERS5071772
Morozova2020	2020	10.1098/rstb.2019.0569	St. Dmitry Rostovsky fortress, Rostov-on-Don	47.23	39.68	Russia	Rostov2033	Homo sapiens	200	10.1098/rstb.2019.0570	bacteria	Yersinia pestis	tooth	chromosome	NA	ENA	raw	PRJEB35426	ERS5071781,ERS5071782,ERS5071783,ERS5071773
Morozova2020	2020	10.1098/rstb.2019.0570	St. Dmitry Rostovsky fortress, Rostov-on-Don	47.23	39.68	Russia	Rostov2039	Homo sapiens	200	10.1098/rstb.2019.0571	bacteria	Yersinia pestis	tooth	chromosome	NA	ENA	raw	PRJEB35426	ERS5071784,ERS5071785,ERS5071786,ERS5071787,ERS5071774
Morozova2020	2020	10.1098/rstb.2019.0568	Azov city, Rostov-on-Don	47.1	39.41	Russia	Azov37	Homo sapiens	500	10.1098/rstb.2019.0572	bacteria	Yersinia pestis	tooth	chromosome	NA	ENA	raw	PRJEB35426	ERS5071788,ERS5071789,ERS5071790,ERS5071775
Morozova2020	2020	10.1098/rstb.2019.0569	Gdańsk ossuaries, Dominican Square	54.352	16.652	Poland	Gdansk8	Homo sapiens	500	10.1098/rstb.2019.0573	bacteria	Yersinia pestis	tooth	chromosome	NA	ENA	raw	PRJEB35426	ERS5071791,ERS5071792,ERS5071793,ERS5071794,ERS5071796
Morozova2020	2020	10.1098/rstb.2019.0569	Gdańsk ossuaries, Dominican Square	54.352	16.652	Poland	Rat	Rattus rattus	500	10.1098/rstb.2019.0574	bacteria	Yersinia pestis	skull	chromosome	NA	ENA	raw	PRJEB35426	ERS5071795,ERS5071796,ERS5071797,ERS5071770,ERS5071771,ERS5071777
Schuenemann2018b	2018	10.1371/journal.pntd.0006447	Convent of Santa Isabel, Mexico City	19.435	-99.141	Mexico	94A	Homo sapiens	300	10.1371/journal.pntd.0006447	bacteria	Treponema pallidum	bone	chromosome	NA	ENA	raw	PRJEB21276	ERS2470993
Schuenemann2018b	2018	10.1371/journal.pntd.0006447	Convent of Santa Isabel, Mexico City	19.435	-99.141	Mexico	94B	Homo sapiens	300	10.1371/journal.pntd.0006447	bacteria	Treponema pallidum	bone	chromosome	NA	ENA	raw	PRJEB21276	ERS2470994
Schuenemann2018b	2018	10.1371/journal.pntd.0006447	Convent of Santa Isabel, Mexico City	19.435	-99.141	Mexico	133	Homo sapiens	300	10.1371/journal.pntd.0006447	bacteria	Treponema pallidum	bone	chromosome	NA	ENA	raw	PRJEB21276	ERS2470995
Ferrari2020	2020	10.1098/rstb.2019.0572	Hunterian Museum, Royal College of Surgeons, London	51.516	-0.116	United Kingdom	RCSHC/P 328	Homo sapiens	200	10.1098/rstb.2019.0572	virus	Variola virus	tissue	chromosome	NA	ENA	raw	PRJEB35140	ERS3935826,ERS3935827,ERS3935828,ERS3935829,ERS3935830,ERS3935831
Williams2020	2020	10.1128/mra.00850-20	Kodiak Island Collection, National Museum of Natural History (Washington D.C.)	38.891	-77.026	USA	364459	Homo sapiens	100	10.1128/mra.00850-20 	bacteria	Stenotrophomonas maltophilia	dental calculus	chromosome	2016	SRA	raw,binned_mag,consensus	PRJNA643812	SRS6939171
Williams2020	2020	10.1128/mra.00850-20	Medical Collection, American Museum of Natural History (New York)	40.781	-73.974	USA	AMNH98137_Q01	Homo sapiens	100	10.1128/mra.00850-20 	bacteria	Acinetobacter baumannii	dental calculus	chromosome	2017	SRA	raw,binned_mag,consensus	PRJNA643812	SRS6939170
Fotakis2020	2020	10.1098/rstb.2019.0584	Library site, Trondheim	63.431	10.401	Norway	SK92	Homo sapiens	400	10.1098/rstb.2019.0584	bacteria	Mycobacterium leprae	dental calculus	chromosome	NA	ENA	raw	PRJEB37995	ERS5113011
Marciniak2016	2016	10.1016/j.cub.2016.10.016	Velia	40.158	15.159	Italy	LV13	Homo sapiens	1800	10.1016/j.cub.2016.10.016	eukaryota	Plasmodium falciparum	tooth	organelle	NA	SRA	raw	PRJNA348634	SRS1747845
Marciniak2016	2016	10.1016/j.cub.2016.10.016	Vagnari	40.85	16.28	Italy	LG20	Homo sapiens	1700	10.1016/j.cub.2016.10.016	eukaryota	Plasmodium falciparum	tooth	organelle	NA	SRA	raw	PRJNA348634	SRS1747846
Gelabert2016	2016	10.1073/pnas.1611017113	Sant Jaume d’Enveja, Ebro Delta	40.706	0.721	Spain	CA, CM, POS	Homo sapiens	100	10.1073/pnas.1611017113	eukaryota	Plasmodium falciparum	blood	organelle	NA	SRA	reference_aligned	PRJNA338278	SRS1609867
Gelabert2016	2016	10.1073/pnas.1611017113	Sant Jaume d’Enveja, Ebro Delta	40.706	0.721	Spain	CA, CM, POS	Homo sapiens	100	10.1073/pnas.1611017113	eukaryota	Plasmodium vivax	blood	organelle	NA	SRA	reference_aligned	PRJNA338278	SRS1607662
Taubenberger2005	2005	10.1038/nature04230	Armed Forces Institute of Pathology, Washington DC	38.975	-77.031	USA	A/Brevig Mission/1/1918(H1N1)	Homo sapiens	100	10.1073/pnas.96.4.1651	virus	Influenza A virus	lung tissue	chromosome	NA	SRA	consensus	NA	DQ208309.1,DQ208310.1,DQ208311.1,AF116575.1,AY744935.1,AF250356.2,AY130766.1,AF333238.1
Lugli2017	2017	10.1186/s40168-016-0221-y	Hauslabjoch	46.773	10.837	Italy	Iceman Intestine (B0621,C1824,C1825,B0625)	Homo sapiens	5300	10.1126/science.aad2545	bacteria	Clostridium perfringens	digestive tract contents	chromosome	NA	ENA	raw	PRJEB11511	ERS942272,ERS942281,ERS942282,ERS942276
Lugli2017	2017	10.1186/s40168-016-0221-y	Hauslabjoch	46.773	10.837	Italy	Iceman Intestine (B0621,C1824,C1825,B0625)	Homo sapiens	5300	10.1126/science.aad2545	bacteria	Pseudomonas veronii	digestive tract contents	chromosome	NA	ENA	raw	PRJEB11511	ERS942272,ERS942281,ERS942282,ERS942276
BravoLopez2020	2020	10.1098/rstb.2019.0580 	Cañada de La virgen	20.858	-100.928	Mexico	CA_13	Homo sapiens	2500	10.1098/rstb.2019.0580 	bacteria	Tannerella forsythia	tooth	chromosome	NA	SRA	reference_aligned	PRJNA660267	SRS7288481
BravoLopez2020	2020	10.1098/rstb.2019.0580 	Tabuco	20.959	-97.339	Mexico	VE_42	Homo sapiens	3000	10.1098/rstb.2019.0580 	bacteria	Tannerella forsythia	dental calculus	chromosome	NA	SRA	reference_aligned	PRJNA660267	SRS7288482
BravoLopez2020	2020	10.1098/rstb.2019.0580 	Toluquilla	20.883	-99.53	Mexico	TO_2417Q	Homo sapiens	700	10.1098/rstb.2019.0580 	bacteria	Tannerella forsythia	tooth	chromosome	NA	SRA	reference_aligned	PRJNA660267	SRS7288476
BravoLopez2020	2020	10.1098/rstb.2019.0580 	Toluquilla	20.883	-99.53	Mexico	TO_2417J	Homo sapiens	2800	10.1098/rstb.2019.0580 	bacteria	Tannerella forsythia	tooth	chromosome	NA	SRA	reference_aligned	PRJNA660267	SRS7326368
BravoLopez2020	2020	10.1098/rstb.2019.0580 	Toluquilla	20.883	-99.53	Mexico	TO_333O	Homo sapiens	2600	10.1098/rstb.2019.0580 	bacteria	Tannerella forsythia	dental calculus	chromosome	NA	SRA	reference_aligned	PRJNA660267	SRS7288477
BravoLopez2020	2020	10.1098/rstb.2019.0580 	Tepeticpac	19.348	-98.235	Mexico	TLA_01	Homo sapiens	500	10.1098/rstb.2019.0580 	bacteria	Tannerella forsythia	dental calculus	chromosome	NA	SRA	reference_aligned	PRJNA660267	SRS7288484
BravoLopez2020	2020	10.1098/rstb.2019.0580 	Tepeticpac	19.348	-98.235	Mexico	TLA_22	Homo sapiens	500	10.1098/rstb.2019.0580 	bacteria	Tannerella forsythia	dental calculus	chromosome	NA	SRA	reference_aligned	PRJNA660267	SRS7288483
BravoLopez2020	2020	10.1098/rstb.2019.0580 	Hospital Real de San José de los Naturales	19.43	-99.14	Mexico	HSJN_194	Homo sapiens	400	10.1098/rstb.2019.0580 	bacteria	Tannerella forsythia	tooth	chromosome	NA	SRA	reference_aligned	PRJNA660267	SRS7288487
BravoLopez2020	2020	10.1098/rstb.2019.0580 	Hospital Real de San José de los Naturales	19.43	-99.14	Mexico	HSJN_240	Homo sapiens	400	10.1098/rstb.2019.0580 	bacteria	Tannerella forsythia	tooth	chromosome	NA	SRA	reference_aligned	PRJNA660267	SRS7288488
BravoLopez2020	2020	10.1098/rstb.2019.0580 	Temple of Inmaculate Conception	19.347	-99.158	Mexico	CO_09	Homo sapiens	200	10.1098/rstb.2019.0580 	bacteria	Tannerella forsythia	tooth	chromosome	NA	SRA	reference_aligned	PRJNA660267	SRS7288485
BravoLopez2020	2020	10.1098/rstb.2019.0580 	Temple of Inmaculate Conception	19.347	-99.158	Mexico	CO_20	Homo sapiens	200	10.1098/rstb.2019.0580 	bacteria	Tannerella forsythia	tooth	chromosome	NA	SRA	reference_aligned	PRJNA660267	SRS7288486
BravoLopez2020	2020	10.1098/rstb.2019.0580 	Ex College of San Ignacio of Loyola	20.592	-100.409	Mexico	UAQG	Homo sapiens	300	10.1098/rstb.2019.0580 	bacteria	Tannerella forsythia	tooth	chromosome	NA	SRA	reference_aligned	PRJNA660267	SRS7288478
Philips2020	2020	10.1186/s12864-020-06810-9	Masłomęcz	50.722	23.892	Poland	PCA0088	Homo sapiens	1700	10.1186/s12864-020-06810-9	bacteria	Tannerella forsythia	tooth	chromosome	NA	SRA	reference_aligned	PRJNA354503	SRS1815293
Kilinc2021	2021	10.1126/sciadv.abc4587	Anosovo (Angara river, Irkutsk Oblast, Cis-Baikal)	54.665	103.232	Russia	Anosovo-1 (irk050)	Homo sapiens	4000	10.1126/sciadv.abc4587	bacteria	Yersinia pestis	tooth	chromosome	NA	ENA	reference_aligned	PRJEB39378	ERS4827048
Kilinc2021	2021	10.1126/sciadv.abc4587	Kamenka (Kolyma river, Yakutia, Far Eastern Federal District)	66.8	152.633333	Russia	Kamenka-2 (yak023)	Homo sapiens	3500	10.1126/sciadv.abc4587	bacteria	Yersinia pestis	tooth	chromosome	NA	ENA	reference_aligned	PRJEB39378	ERS4827062
Haller2021	2021	10.1016/j.isci.2021.102419	Heiligen-Geist-Hospital, Lübeck	53.871	10.69	Germany	HGH-1429	Homo sapiens	600	10.1016/j.isci.2021.102419	bacteria	Salmonella enterica	tooth	chromosome	NA	ENA	raw	PRJEB41353	ERS5335226
Haller2021	2021	10.1016/j.isci.2021.102419	Heiligen-Geist-Hospital, Lübeck	53.871	10.69	Germany	HGH-1510	Homo sapiens	600	10.1016/j.isci.2021.102419	bacteria	Salmonella enterica	tooth	chromosome	NA	ENA	raw	PRJEB41353	ERS5335227
Haller2021	2021	10.1016/j.isci.2021.102419	Heiligen-Geist-Hospital, Lübeck	53.871	10.69	Germany	HGH-1558	Homo sapiens	600	10.1016/j.isci.2021.102419	bacteria	Salmonella enterica	tooth	chromosome	NA	ENA	raw	PRJEB41353	ERS5335228
Haller2021	2021	10.1016/j.isci.2021.102419	Heiligen-Geist-Hospital, Lübeck	53.871	10.69	Germany	HGH-1579	Homo sapiens	600	10.1016/j.isci.2021.102419	bacteria	Salmonella enterica	tooth	chromosome	NA	ENA	raw	PRJEB41353	ERS5335229
Haller2021	2021	10.1016/j.isci.2021.102419	Heiligen-Geist-Hospital, Lübeck	53.871	10.69	Germany	HGH-1599	Homo sapiens	600	10.1016/j.isci.2021.102419	bacteria	Salmonella enterica	tooth	chromosome	NA	ENA	raw	PRJEB41353	ERS5335230
Haller2021	2021	10.1016/j.isci.2021.102419	Heiligen-Geist-Hospital, Lübeck	53.871	10.69	Germany	HGH-1600	Homo sapiens	600	10.1016/j.isci.2021.102419	bacteria	Salmonella enterica	tooth	chromosome	NA	ENA	raw	PRJEB41353	ERS5335231
Haller2021	2021	10.1016/j.isci.2021.102419	Heiligen-Geist-Hospital, Lübeck	53.871	10.69	Germany	HGH-1607	Homo sapiens	600	10.1016/j.isci.2021.102419	bacteria	Salmonella enterica	tooth	chromosome	NA	ENA	raw	PRJEB41353	ERS5335232
Haller2021	2021	10.1016/j.isci.2021.102419	Heiligen-Geist-Hospital, Lübeck	53.871	10.69	Germany	HGH-1638	Homo sapiens	600	10.1016/j.isci.2021.102419	bacteria	Salmonella enterica	tooth	chromosome	NA	ENA	raw	PRJEB41353	ERS5335233
SeguinOrlando2021	2021	10.1016/j.isci.2021.102383	Lariey-Puy-Saint-Pierre cemetery	44.9	6.61	France	LAR11	Homo sapiens	300	10.1016/j.isci.2021.102383	bacteria	Yersinia pestis	tooth	chromosome	NA	ENA	raw	PRJEB43291	ERS5823072
SeguinOrlando2021	2021	10.1016/j.isci.2021.102383	Lariey-Puy-Saint-Pierre cemetery	44.9	6.61	France	LAR8	Homo sapiens	300	10.1016/j.isci.2021.102383	bacteria	Yersinia pestis	tooth	chromosome	NA	ENA	raw	PRJEB43291	ERS5823096
Guellil2020	2020	10.1073/pnas.2009677117	Maist, Chechnya	42.691	45.332	Russia	CHE1	Homo sapiens	200	10.1073/pnas.2009677117	bacteria	Yersinia pestis	tooth	chromosome	NA	ENA	raw	PRJEB27821	ERS5051705
Guellil2020	2020	10.1073/pnas.2009677117	San Giovani in Fistola, Collalto Sabino	42.13	13.04	Italy	COL001	Homo sapiens	600	10.1073/pnas.2009677117	bacteria	Yersinia pestis	tooth	chromosome	NA	ENA	raw	PRJEB27821	ERS5051706
Guellil2020	2020	10.1073/pnas.2009677117	Pestbacken, Holje	56.283	14.516	Sweden	PEB10	Homo sapiens	200	10.1073/pnas.2009677117	bacteria	Yersinia pestis	tooth	chromosome	NA	ENA	raw	PRJEB27821	ERS5051704
Guellil2020	2020	10.1073/pnas.2009677117	San Procolo a Naturno, Naturns	46.652	11.009	Italy	SPN1	Homo sapiens	300	10.1073/pnas.2009677117	bacteria	Yersinia pestis	tooth	chromosome	NA	ENA	raw	PRJEB27821	ERS5051707
Guellil2020	2020	10.1073/pnas.2009677117	San Procolo a Naturno, Naturns	46.652	11.009	Italy	SPN7	Homo sapiens	300	10.1073/pnas.2009677117	bacteria	Yersinia pestis	tooth	chromosome	NA	ENA	raw	PRJEB27821	ERS5051708
Guellil2020	2020	10.1073/pnas.2009677117	San Procolo a Naturno, Naturns	46.652	11.009	Italy	SPN8	Homo sapiens	300	10.1073/pnas.2009677117	bacteria	Yersinia pestis	tooth	chromosome	NA	ENA	raw	PRJEB27821	ERS5051709
Guellil2020	2020	10.1073/pnas.2009677117	San Procolo a Naturno, Naturns	46.652	11.009	Italy	SPN13	Homo sapiens	300	10.1073/pnas.2009677117	bacteria	Yersinia pestis	tooth	chromosome	NA	ENA	raw	PRJEB27821	ERS5051710
Guellil2020	2020	10.1073/pnas.2009677117	San Procolo a Naturno, Naturns	46.652	11.009	Italy	SPN14	Homo sapiens	300	10.1073/pnas.2009677117	bacteria	Yersinia pestis	tooth	chromosome	NA	ENA	raw	PRJEB27821	ERS5051711
Guellil2020	2020	10.1073/pnas.2009677117	San Procolo a Naturno, Naturns	46.652	11.009	Italy	SPN19	Homo sapiens	300	10.1073/pnas.2009677117	bacteria	Yersinia pestis	tooth	chromosome	NA	ENA	raw	PRJEB27821	ERS5051712
Danneels2021	2021	10.1016/j.cub.2021.03.049	Lushoto District	-4.8	38.29	Tanzania	Herb4	Dioscorea sansibarensis	100	10.1016/j.cub.2021.03.049	bacteria	Orrella dioscoreae	leaf	chromosome	NA	SRA	raw	PRJNA646369	SRS7008173
Danneels2021	2021	10.1016/j.cub.2021.03.049	Unknown	0.22	6.58	Sao Tome and Principe	Herb5	Dioscorea sansibarensis	100	10.1016/j.cub.2021.03.049	bacteria	Orrella dioscoreae	leaf	chromosome	NA	SRA	raw	PRJNA646369	SRS7008179
Danneels2021	2021	10.1016/j.cub.2021.03.049	Kitobola	-5.36	14.51	Democratic Republic of the Congo	Herb9	Dioscorea sansibarensis	100	10.1016/j.cub.2021.03.049	bacteria	Orrella dioscoreae	leaf	chromosome	NA	SRA	raw	PRJNA646369	SRS7008183
Danneels2021	2021	10.1016/j.cub.2021.03.049	Yangambi	0.8	24.45	Democratic Republic of the Congo	MK003	Dioscorea sansibarensis	100	10.1016/j.cub.2021.03.049	bacteria	Orrella dioscoreae	leaf	chromosome	NA	SRA	raw	PRJNA646369	SRS7008154
Danneels2021	2021	10.1016/j.cub.2021.03.049	Unknown	-4.03	21.75	Democratic Republic of the Congo	MK011	Dioscorea sansibarensis	100	10.1016/j.cub.2021.03.049	bacteria	Orrella dioscoreae	leaf	chromosome	NA	SRA	raw	PRJNA646369	SRS7008163
Danneels2021	2021	10.1016/j.cub.2021.03.049	Unknown	-6.36	34.89	Tanzania	MK012	Dioscorea sansibarensis	100	10.1016/j.cub.2021.03.049	bacteria	Orrella dioscoreae	leaf	chromosome	NA	SRA	raw	PRJNA646369	SRS7008164
Danneels2021	2021	10.1016/j.cub.2021.03.049	Mikumi National Park	-7.4	37.4	Tanzania	MK014	Dioscorea sansibarensis	100	10.1016/j.cub.2021.03.049	bacteria	Orrella dioscoreae	leaf	chromosome	NA	SRA	raw	PRJNA646369	SRS7008166
Danneels2021	2021	10.1016/j.cub.2021.03.049	Tukpwo	4.4	25.8	Democratic Republic of the Congo	MK015	Dioscorea sansibarensis	100	10.1016/j.cub.2021.03.049	bacteria	Orrella dioscoreae	leaf	chromosome	NA	SRA	raw	PRJNA646369	SRS7008167
Danneels2021	2021	10.1016/j.cub.2021.03.049	Unknown	-4.03	21.75	Democratic Republic of the Congo	MK016	Dioscorea sansibarensis	100	10.1016/j.cub.2021.03.049	bacteria	Orrella dioscoreae	leaf	chromosome	NA	SRA	raw	PRJNA646369	SRS7008168
Danneels2021	2021	10.1016/j.cub.2021.03.049	Kidatu	-7.7	36.96	Tanzania	MK017	Dioscorea sansibarensis	100	10.1016/j.cub.2021.03.049	bacteria	Orrella dioscoreae	leaf	chromosome	NA	SRA	raw	PRJNA646369	SRS7008169
Danneels2021	2021	10.1016/j.cub.2021.03.049	Kidatu	-7.7	36.96	Tanzania	MK019	Dioscorea sansibarensis	100	10.1016/j.cub.2021.03.049	bacteria	Orrella dioscoreae	leaf	chromosome	NA	SRA	raw	PRJNA646369	SRS7008171
Danneels2021	2021	10.1016/j.cub.2021.03.049	Unknown	-4.03	21.75	Democratic Republic of the Congo	MK020	Dioscorea sansibarensis	100	10.1016/j.cub.2021.03.049	bacteria	Orrella dioscoreae	leaf	chromosome	NA	SRA	raw	PRJNA646369	SRS7008172
Danneels2021	2021	10.1016/j.cub.2021.03.049	Mahenge	-8.68	36.71	Tanzania	MK023	Dioscorea sansibarensis	100	10.1016/j.cub.2021.03.049	bacteria	Orrella dioscoreae	leaf	chromosome	NA	SRA	raw	PRJNA646369	SRS7008175
Danneels2021	2021	10.1016/j.cub.2021.03.049	Madanga	-5.35	38.98	Tanzania	MK025	Dioscorea sansibarensis	100	10.1016/j.cub.2021.03.049	bacteria	Orrella dioscoreae	leaf	chromosome	NA	SRA	raw	PRJNA646369	SRS7008177
