project_name	publication_year	publication_doi	site_name	latitude	longitude	geo_loc_name	sample_name	sample_host	sample_age	sample_age_doi	community_type	material	collection_date	archive	archive_accession
Warinner2014	2014	10.1038/ng.2906	Dalheim	51.565	8.84	Germany	B61	Homo sapiens	900	10.1038/ng.2906	oral	dental calculus	NA	SRA	SRS473742,SRS473743,SRS473744,SRS473745
Warinner2014	2014	10.1038/ng.2906	Dalheim	51.565	8.84	Germany	G12	Homo sapiens	900	10.1038/ng.2906	oral	dental calculus	NA	SRA	SRS473747,SRS473746,SRS473748,SRS473749,SRS473750
Weyrich2017	2017	10.1038/nature21674	Gola Forest	7.657	-10.841	Sierra Leone	Chimp	Pan troglodytes	100	10.1038/nature21674	oral	dental calculus	NA	OAGR	NA
Weyrich2017	2017	10.1038/nature21674	El Sidrón Cave	43.386	-5.328	Spain	ElSidron1	Homo sapiens neanderthalensis	49000	10.1038/nature21674	oral	dental calculus	NA	OAGR	3011,2962
Weyrich2017	2017	10.1038/nature21674	El Sidrón Cave	43.386	-5.329	Spain	ElSidron2	Homo sapiens neanderthalensis	49000	10.1038/nature21674	oral	dental calculus	NA	OAGR	2990,3014
Weyrich2017	2017	10.1038/nature21674	Spy Cave	50.48	4.674	Belgium	Spy1	Homo sapiens neanderthalensis	35800	10.1038/nature21674	oral	dental calculus	NA	OAGR	2952,2953
Weyrich2017	2017	10.1038/nature21674	Spy Cave	50.48	4.674	Belgium	Spy2	Homo sapiens neanderthalensis	36000	10.1038/nature21674	oral	dental calculus	NA	OAGR	2935,2989
Weyrich2017	2017	10.1038/nature21674	Dudka	53.96	21.86	Poland	EuroHG1	Homo sapiens	7600	10.1038/nature21674	oral	dental calculus	NA	OAGR	3066,3010
Weyrich2017	2017	10.1038/nature21674	Dudka	53.96	21.86	Poland	EuroHG2	Homo sapiens	7600	10.1038/nature21674	oral	dental calculus	NA	OAGR	3081,3020
Weyrich2017	2017	10.1038/nature21674	Stuttgart-Mühlhausen I	48.839	9.227	Germany	EuroLBK1	Homo sapiens	7400	10.1038/nature21674	oral	dental calculus	NA	OAGR	3080,3071,3083,3084
Weyrich2017	2017	10.1038/nature21674	Stuttgart-Mühlhausen I	48.839	9.227	Germany	EuroLBK2	Homo sapiens	7400	10.1038/nature21674	oral	dental calculus	NA	OAGR	2955,2956,3018,3019
Weyrich2017	2017	10.1038/nature21674	Stuttgart-Mühlhausen I	48.839	9.227	Germany	EuroLBK3	Homo sapiens	7400	10.1038/nature21674	oral	dental calculus	NA	OAGR	3072,3073,2933,2936
Weyrich2017	2017	10.1038/nature21674	Al Khiday	15.441	32.381	Sudan	Sudan1	Homo sapiens	5000	10.1038/nature21674	oral	dental calculus	NA	OAGR	NA
Weyrich2017	2017	10.1038/nature21674	Al Khiday	15.441	32.381	Sudan	Sudan2	Homo sapiens	5000	10.1038/nature21674	oral	dental calculus	NA	OAGR	NA
Weyrich2017	2017	10.1038/nature21674	Near Cape Town	NA	NA	South Africa	SouthAfr1	Homo sapiens	2300	10.1038/nature21674	oral	dental calculus	NA	OAGR	NA
Weyrich2017	2017	10.1038/nature21674	Near Cape Town	NA	NA	South Africa	SouthAf2	Homo sapiens	3800	10.1038/nature21674	oral	dental calculus	NA	OAGR	NA
Weyrich2017	2017	10.1038/nature21674	Jewbury	53.962	-1.075	United Kingdom	UrbMed1	Homo sapiens	800	10.1038/nature21674	oral	dental calculus	NA	OAGR	NA
Weyrich2017	2017	10.1038/nature21674	Jewbury	53.962	-1.075	United Kingdom	UrbWar2	Homo sapiens	800	10.1038/nature21674	oral	dental calculus	NA	OAGR	NA
Weyrich2017	2017	10.1038/nature21674	Near Cape Town	NA	NA	South Africa	AfrPP2	Homo sapiens	600	10.1038/nature21674	oral	dental calculus	NA	OAGR	NA
Weyrich2017	2017	10.1038/nature21674	Near Cape Town	NA	NA	South Africa	AfrPP1	Homo sapiens	600	10.1038/nature21674	oral	dental calculus	NA	OAGR	NA
Weyrich2017	2017	10.1038/nature21674	Hettstedt Gymnasium	51.646	11.512	Germany	IndRev1	Homo sapiens	200	10.1038/nature21674	oral	dental calculus	NA	OAGR	NA
Weyrich2017	2017	10.1038/nature21674	Hettstedt Gymnasium	51.646	11.512	Germany	IndRev2	Homo sapiens	200	10.1038/nature21674	oral	dental calculus	NA	OAGR	NA
Velsko2018	2018	10.1186/s40168-019-0717-3	Radcliffe Infirmary	51.752	-1.257	United Kingdom	CS01	Homo sapiens	200	10.1186/s40168-019-0717-3	oral	dental calculus	NA	ENA	ERS2985742,ERS2985790,ERS3881508
Velsko2018	2018	10.1186/s40168-019-0717-3	Radcliffe Infirmary	51.752	-1.257	United Kingdom	CS02	Homo sapiens	200	10.1186/s40168-019-0717-3	oral	dental calculus	NA	ENA	ERS2985743,ERS2985791,ERS3881509
Velsko2018	2018	10.1186/s40168-019-0717-3	Radcliffe Infirmary	51.752	-1.257	United Kingdom	CS03	Homo sapiens	200	10.1186/s40168-019-0717-3	oral	dental calculus	NA	ENA	ERS2985744,ERS2985792,ERS3881510
Velsko2018	2018	10.1186/s40168-019-0717-3	Radcliffe Infirmary	51.752	-1.257	United Kingdom	CS04	Homo sapiens	200	10.1186/s40168-019-0717-3	oral	dental calculus	NA	ENA	ERS2985745,ERS2985793,ERS3881511
Velsko2018	2018	10.1186/s40168-019-0717-3	Radcliffe Infirmary	51.752	-1.257	United Kingdom	CS05	Homo sapiens	200	10.1186/s40168-019-0717-3	oral	dental calculus	NA	ENA	ERS2985794,ERS3881512
Velsko2018	2018	10.1186/s40168-019-0717-3	Radcliffe Infirmary	51.752	-1.257	United Kingdom	CS06	Homo sapiens	200	10.1186/s40168-019-0717-3	oral	dental calculus	NA	ENA	ERS2985795,ERS3881513
Velsko2018	2018	10.1186/s40168-019-0717-3	Radcliffe Infirmary	51.752	-1.257	United Kingdom	CS07	Homo sapiens	200	10.1186/s40168-019-0717-3	oral	dental calculus	NA	ENA	ERS2985746,ERS2985796,ERS3881514
Velsko2018	2018	10.1186/s40168-019-0717-3	Radcliffe Infirmary	51.752	-1.257	United Kingdom	CS08	Homo sapiens	200	10.1186/s40168-019-0717-3	oral	dental calculus	NA	ENA	ERS2985747,ERS2985797,ERS3881515
Velsko2018	2018	10.1186/s40168-019-0717-3	Radcliffe Infirmary	51.752	-1.257	United Kingdom	CS09	Homo sapiens	200	10.1186/s40168-019-0717-3	oral	dental calculus	NA	ENA	ERS2985748,ERS2985798,ERS3881516
Velsko2018	2018	10.1186/s40168-019-0717-3	Radcliffe Infirmary	51.752	-1.257	United Kingdom	CS10	Homo sapiens	200	10.1186/s40168-019-0717-3	oral	dental calculus	NA	ENA	ERS2985749,ERS2985799,ERS3881517
Velsko2018	2018	10.1186/s40168-019-0717-3	Radcliffe Infirmary	51.752	-1.257	United Kingdom	CS11	Homo sapiens	200	10.1186/s40168-019-0717-3	oral	dental calculus	NA	ENA	ERS2985750,ERS2985800,ERS3881518
Velsko2018	2018	10.1186/s40168-019-0717-3	Radcliffe Infirmary	51.752	-1.257	United Kingdom	CS12	Homo sapiens	200	10.1186/s40168-019-0717-3	oral	dental calculus	NA	ENA	ERS2985751,ERS2985801,ERS3881519
Velsko2018	2018	10.1186/s40168-019-0717-3	Radcliffe Infirmary	51.752	-1.257	United Kingdom	CS13	Homo sapiens	200	10.1186/s40168-019-0717-3	oral	dental calculus	NA	ENA	ERS2985752,ERS2985802,ERS3881520
Velsko2018	2018	10.1186/s40168-019-0717-3	Radcliffe Infirmary	51.752	-1.257	United Kingdom	CS14	Homo sapiens	200	10.1186/s40168-019-0717-3	oral	dental calculus	NA	ENA	ERS2985753,ERS2985803,ERS3881521
Velsko2018	2018	10.1186/s40168-019-0717-3	Radcliffe Infirmary	51.752	-1.257	United Kingdom	CS15	Homo sapiens	200	10.1186/s40168-019-0717-3	oral	dental calculus	NA	ENA	ERS2985754,ERS2985804,ERS3881522
Velsko2018	2018	10.1186/s40168-019-0717-3	Radcliffe Infirmary	51.752	-1.257	United Kingdom	CS16	Homo sapiens	200	10.1186/s40168-019-0717-3	oral	dental calculus	NA	ENA	ERS2985755,ERS2985805,ERS3881523
Velsko2018	2018	10.1186/s40168-019-0717-3	Radcliffe Infirmary	51.752	-1.257	United Kingdom	CS17	Homo sapiens	200	10.1186/s40168-019-0717-3	oral	dental calculus	NA	ENA	ERS2985756,ERS2985806,ERS3881524
Velsko2018	2018	10.1186/s40168-019-0717-3	Radcliffe Infirmary	51.752	-1.257	United Kingdom	CS18	Homo sapiens	200	10.1186/s40168-019-0717-3	oral	dental calculus	NA	ENA	ERS2985757,ERS2985807,ERS3881525
Velsko2018	2018	10.1186/s40168-019-0717-3	Radcliffe Infirmary	51.752	-1.257	United Kingdom	CS19	Homo sapiens	200	10.1186/s40168-019-0717-3	oral	dental calculus	NA	ENA	ERS2985758,ERS2985808,ERS3881526
Velsko2018	2018	10.1186/s40168-019-0717-3	Radcliffe Infirmary	51.752	-1.257	United Kingdom	CS20	Homo sapiens	200	10.1186/s40168-019-0717-3	oral	dental calculus	NA	ENA	ERS2985759,ERS2985809,ERS3881527
Velsko2018	2018	10.1186/s40168-019-0717-3	Radcliffe Infirmary	51.752	-1.257	United Kingdom	CS21	Homo sapiens	200	10.1186/s40168-019-0717-3	oral	dental calculus	NA	ENA	ERS2985760,ERS2985810,ERS3881528
Velsko2018	2018	10.1186/s40168-019-0717-3	Radcliffe Infirmary	51.752	-1.257	United Kingdom	CS22	Homo sapiens	200	10.1186/s40168-019-0717-3	oral	dental calculus	NA	ENA	ERS2985761,ERS2985811,ERS3881529
Velsko2018	2018	10.1186/s40168-019-0717-3	Radcliffe Infirmary	51.752	-1.257	United Kingdom	CS23	Homo sapiens	200	10.1186/s40168-019-0717-3	oral	dental calculus	NA	ENA	ERS2985762,ERS2985812,ERS3881530
Velsko2018	2018	10.1186/s40168-019-0717-3	Radcliffe Infirmary	51.752	-1.257	United Kingdom	CS24	Homo sapiens	200	10.1186/s40168-019-0717-3	oral	dental calculus	NA	ENA	ERS2985763,ERS2985813,ERS3881531
Velsko2018	2018	10.1186/s40168-019-0717-3	Radcliffe Infirmary	51.752	-1.257	United Kingdom	CS26	Homo sapiens	200	10.1186/s40168-019-0717-3	oral	dental calculus	NA	ENA	ERS2985764,ERS2985814,ERS3881532
Velsko2018	2018	10.1186/s40168-019-0717-3	Radcliffe Infirmary	51.752	-1.257	United Kingdom	CS27	Homo sapiens	200	10.1186/s40168-019-0717-3	oral	dental calculus	NA	ENA	ERS2985765,ERS2985815,ERS3881533
Velsko2018	2018	10.1186/s40168-019-0717-3	Radcliffe Infirmary	51.752	-1.257	United Kingdom	CS28	Homo sapiens	200	10.1186/s40168-019-0717-3	oral	dental calculus	NA	ENA	ERS2985766,ERS2985816,ERS3881534
Velsko2018	2018	10.1186/s40168-019-0717-3	Radcliffe Infirmary	51.752	-1.257	United Kingdom	CS29	Homo sapiens	200	10.1186/s40168-019-0717-3	oral	dental calculus	NA	ENA	ERS2985767,ERS2985817,ERS3881535
Velsko2018	2018	10.1186/s40168-019-0717-3	Radcliffe Infirmary	51.752	-1.257	United Kingdom	CS30	Homo sapiens	200	10.1186/s40168-019-0717-3	oral	dental calculus	NA	ENA	ERS2985768,ERS2985818,ERS3881536
Velsko2018	2018	10.1186/s40168-019-0717-3	Radcliffe Infirmary	51.752	-1.257	United Kingdom	CS31	Homo sapiens	200	10.1186/s40168-019-0717-3	oral	dental calculus	NA	ENA	ERS2985769,ERS2985819,ERS3881537
Velsko2018	2018	10.1186/s40168-019-0717-3	Radcliffe Infirmary	51.752	-1.257	United Kingdom	CS32	Homo sapiens	200	10.1186/s40168-019-0717-3	oral	dental calculus	NA	ENA	ERS2985770,ERS2985820,ERS3881538
Velsko2018	2018	10.1186/s40168-019-0717-3	Radcliffe Infirmary	51.752	-1.257	United Kingdom	CS33	Homo sapiens	200	10.1186/s40168-019-0717-3	oral	dental calculus	NA	ENA	ERS2985771,ERS2985821,ERS3881539
Velsko2018	2018	10.1186/s40168-019-0717-3	Radcliffe Infirmary	51.752	-1.257	United Kingdom	CS34	Homo sapiens	200	10.1186/s40168-019-0717-3	oral	dental calculus	NA	ENA	ERS2985772,ERS2985822,ERS3881540
Velsko2018	2018	10.1186/s40168-019-0717-3	Radcliffe Infirmary	51.752	-1.257	United Kingdom	CS35	Homo sapiens	200	10.1186/s40168-019-0717-3	oral	dental calculus	NA	ENA	ERS2985773,ERS2985823,ERS3881541
Velsko2018	2018	10.1186/s40168-019-0717-3	Radcliffe Infirmary	51.752	-1.257	United Kingdom	CS36	Homo sapiens	200	10.1186/s40168-019-0717-3	oral	dental calculus	NA	ENA	ERS2985774,ERS2985824,ERS3881542
Velsko2018	2018	10.1186/s40168-019-0717-3	Radcliffe Infirmary	51.752	-1.257	United Kingdom	CS37	Homo sapiens	200	10.1186/s40168-019-0717-3	oral	dental calculus	NA	ENA	ERS2985775,ERS2985825,ERS3881543
Velsko2018	2018	10.1186/s40168-019-0717-3	Radcliffe Infirmary	51.752	-1.257	United Kingdom	CS38	Homo sapiens	200	10.1186/s40168-019-0717-3	oral	dental calculus	NA	ENA	ERS2985776,ERS2985826,ERS3881544
Velsko2018	2018	10.1186/s40168-019-0717-3	Radcliffe Infirmary	51.752	-1.257	United Kingdom	CS39	Homo sapiens	200	10.1186/s40168-019-0717-3	oral	dental calculus	NA	ENA	ERS2985777,ERS2985827,ERS3881545
Velsko2018	2018	10.1186/s40168-019-0717-3	Radcliffe Infirmary	51.752	-1.257	United Kingdom	CS40	Homo sapiens	200	10.1186/s40168-019-0717-3	oral	dental calculus	NA	ENA	ERS2985778,ERS2985828,ERS3881546
Velsko2018	2018	10.1186/s40168-019-0717-3	Radcliffe Infirmary	51.752	-1.257	United Kingdom	CS42	Homo sapiens	200	10.1186/s40168-019-0717-3	oral	dental calculus	NA	ENA	ERS2985779,ERS2985829,ERS3881547
Velsko2018	2018	10.1186/s40168-019-0717-3	Radcliffe Infirmary	51.752	-1.257	United Kingdom	CS43	Homo sapiens	200	10.1186/s40168-019-0717-3	oral	dental calculus	NA	ENA	ERS2985780,ERS2985830,ERS3881548
Velsko2018	2018	10.1186/s40168-019-0717-3	Radcliffe Infirmary	51.752	-1.257	United Kingdom	CS44	Homo sapiens	200	10.1186/s40168-019-0717-3	oral	dental calculus	NA	ENA	ERS2985781,ERS2985831,ERS3881549
Velsko2018	2018	10.1186/s40168-019-0717-3	Radcliffe Infirmary	51.752	-1.257	United Kingdom	CS45	Homo sapiens	200	10.1186/s40168-019-0717-3	oral	dental calculus	NA	ENA	ERS2985782,ERS2985832,ERS3881550
Velsko2018	2018	10.1186/s40168-019-0717-3	Radcliffe Infirmary	51.752	-1.257	United Kingdom	CS46	Homo sapiens	200	10.1186/s40168-019-0717-3	oral	dental calculus	NA	ENA	ERS2985783,ERS2985833,ERS3881551
Velsko2018	2018	10.1186/s40168-019-0717-3	Radcliffe Infirmary	51.752	-1.257	United Kingdom	CS47	Homo sapiens	200	10.1186/s40168-019-0717-3	oral	dental calculus	NA	ENA	ERS2985784,ERS2985834,ERS3881552
Velsko2018	2018	10.1186/s40168-019-0717-3	Radcliffe Infirmary	51.752	-1.257	United Kingdom	CS48	Homo sapiens	200	10.1186/s40168-019-0717-3	oral	dental calculus	NA	ENA	ERS2985785,ERS2985835,ERS3881553
Jensen2019	2019	10.1038/s41467-019-13549-9	Syltholm	54.66	11.35	Denmark	Syltholm_1	Homo sapiens	5700	10.1038/s41467-019-13549-9	oral	birch pitch	NA	ENA	ERS3337752
Fagernas2020	2020	10.1016/j.jas.2020.105135	Driffield Terrace	53.951	-1.1	United Kingdom	3DT21	Homo sapiens	1700	10.1016/j.jas.2020.105135	oral	dental calculus	NA	ENA	ERS4042406,ERS4042407,ERS4042408,ERS4042409
Fagernas2020	2020	10.1016/j.jas.2020.105135	Wighill	53.91	-1.29	United Kingdom	WG1561	Homo sapiens	700	10.1016/j.jas.2020.105135	oral	dental calculus	NA	ENA	ERS4042435,ERS4042436,ERS4042437,ERS4042438
Fagernas2020	2020	10.1016/j.jas.2020.105135	San Martín de Dulantzi	42.84	-2.517	Spain	SMD 1441-1-1440(044)	Homo sapiens	1100	10.1016/j.jas.2020.105135	oral	dental calculus	NA	ENA	ERS4042423,ERS4042424,ERS4042425,ERS4042426
Fagernas2020	2020	10.1016/j.jas.2020.105135	San Martín de Dulantzi	42.84	-2.517	Spain	SMD 2591-1-2590(159)	Homo sapiens	1100	10.1016/j.jas.2020.105135	oral	dental calculus	NA	ENA	ERS4042427,ERS4042428,ERS4042429,ERS4042430
Fagernas2020	2020	10.1016/j.jas.2020.105135	San Martín de Dulantzi	42.84	-2.517	Spain	SMD 2711-1-2710(171)	Homo sapiens	1000	10.1016/j.jas.2020.105135	oral	dental calculus	NA	ENA	ERS4042431,ERS4042432,ERS4042433,ERS4042434
Fagernas2020	2020	10.1016/j.jas.2020.105135	Rupert's Valley	-15.933	-5.75	Saint Helena	SK203	Homo sapiens	100	10.1016/j.jas.2020.105135	oral	dental calculus	NA	ENA	ERS4042419,ERS4042420,ERS4042421,ERS4042422
Mann2018	2018	10.1038/s41598-018-28091-9	Camino del Molino	38.102	-1.865	Spain	C214	Homo sapiens	4700	NA	oral	dental calculus	NA	SRA	SRS3078201
Mann2018	2018	10.1038/s41598-018-28091-9	Camino del Molino	38.102	-1.865	Spain	C53	Homo sapiens	4700	NA	oral	dental calculus	NA	SRA	SRS3078204
Mann2018	2018	10.1038/s41598-018-28091-9	Anse a la Gourde	16.254	-61.203	Guadeloupe	F1948	Homo sapiens	900	NA	oral	dental calculus	NA	SRA	SRS3078198
Mann2018	2018	10.1038/s41598-018-28091-9	Anse a la Gourde	16.254	-61.203	Guadeloupe	F349A	Homo sapiens	900	NA	oral	dental calculus	NA	SRA	SRS3078200
Mann2018	2018	10.1038/s41598-018-28091-9	Khövsgöl	49.66	99.61	Mongolia	H10	Homo sapiens	4400	NA	oral	dental calculus	NA	SRA	SRS3078195
Mann2018	2018	10.1038/s41598-018-28091-9	Khövsgöl	49.66	99.61	Mongolia	H24	Homo sapiens	4400	NA	oral	dental calculus	NA	SRA	SRS3078181
Mann2018	2018	10.1038/s41598-018-28091-9	Kilteasheen	54.005	-8.201	Ireland	KT01	Homo sapiens	1000	NA	oral	dental calculus	NA	SRA	SRS3078183,SRS3078182 
Mann2018	2018	10.1038/s41598-018-28091-9	Kilteasheen	54.005	-8.201	Ireland	KT02	Homo sapiens	1000	NA	oral	dental calculus	NA	SRA	SRS3078176
Mann2018	2018	10.1038/s41598-018-28091-9	Kilteasheen	54.005	-8.201	Ireland	KT03	Homo sapiens	1000	NA	oral	dental calculus	NA	SRA	SRS3078178
Mann2018	2018	10.1038/s41598-018-28091-9	Kilteasheen	54.005	-8.201	Ireland	KT04	Homo sapiens	1000	NA	oral	dental calculus	NA	SRA	SRS3078185
Mann2018	2018	10.1038/s41598-018-28091-9	Kilteasheen	54.005	-8.201	Ireland	KT05	Homo sapiens	1000	NA	oral	dental calculus	NA	SRA	SRS3078115,SRS3078117 
Mann2018	2018	10.1038/s41598-018-28091-9	Kilteasheen	54.005	-8.201	Ireland	KT06	Homo sapiens	1000	NA	oral	dental calculus	NA	SRA	SRS3078111
Mann2018	2018	10.1038/s41598-018-28091-9	Kilteasheen	54.005	-8.201	Ireland	KT07	Homo sapiens	1000	NA	oral	dental calculus	NA	SRA	SRS3078113
Mann2018	2018	10.1038/s41598-018-28091-9	Kilteasheen	54.005	-8.201	Ireland	KT08	Homo sapiens	1000	NA	oral	dental calculus	NA	SRA	SRS3078109,SRS3078099 
Mann2018	2018	10.1038/s41598-018-28091-9	Kilteasheen	54.005	-8.201	Ireland	KT09	Homo sapiens	1000	NA	oral	dental calculus	NA	SRA	SRS3078097,SRS3078104 
Mann2018	2018	10.1038/s41598-018-28091-9	Kilteasheen	54.005	-8.201	Ireland	KT10	Homo sapiens	1000	NA	oral	dental calculus	NA	SRA	SRS3078101
Mann2018	2018	10.1038/s41598-018-28091-9	Kilteasheen	54.005	-8.201	Ireland	KT11	Homo sapiens	1000	NA	oral	dental calculus	NA	SRA	SRS3078105
Mann2018	2018	10.1038/s41598-018-28091-9	Kilteasheen	54.005	-8.201	Ireland	KT12	Homo sapiens	1000	NA	oral	dental calculus	NA	SRA	SRS3078133
Mann2018	2018	10.1038/s41598-018-28091-9	Kilteasheen	54.005	-8.201	Ireland	KT13	Homo sapiens	1000	NA	oral	dental calculus	NA	SRA	SRS3078131,SRS3078137 
Mann2018	2018	10.1038/s41598-018-28091-9	Kilteasheen	54.005	-8.201	Ireland	KT14	Homo sapiens	1000	NA	oral	dental calculus	NA	SRA	SRS3078134,SRS3078129 
Mann2018	2018	10.1038/s41598-018-28091-9	Kilteasheen	54.005	-8.201	Ireland	KT15	Homo sapiens	1000	NA	oral	dental calculus	NA	SRA	SRS3078120
Mann2018	2018	10.1038/s41598-018-28091-9	Kilteasheen	54.005	-8.201	Ireland	KT16	Homo sapiens	1000	NA	oral	dental calculus	NA	SRA	SRS3078122
Mann2018	2018	10.1038/s41598-018-28091-9	Kilteasheen	54.005	-8.201	Ireland	KT17	Homo sapiens	1000	NA	oral	dental calculus	NA	SRA	SRS3078124
Mann2018	2018	10.1038/s41598-018-28091-9	Kilteasheen	54.005	-8.201	Ireland	KT18	Homo sapiens	1000	NA	oral	dental calculus	NA	SRA	SRS3078126
Mann2018	2018	10.1038/s41598-018-28091-9	Kilteasheen	54.005	-8.201	Ireland	KT19	Homo sapiens	1000	NA	oral	dental calculus	NA	SRA	SRS3078118
Mann2018	2018	10.1038/s41598-018-28091-9	Kilteasheen	54.005	-8.201	Ireland	KT20	Homo sapiens	1000	NA	oral	dental calculus	NA	SRA	SRS3078148
Mann2018	2018	10.1038/s41598-018-28091-9	Kilteasheen	54.005	-8.201	Ireland	KT21	Homo sapiens	1000	NA	oral	dental calculus	NA	SRA	SRS3078150
Mann2018	2018	10.1038/s41598-018-28091-9	Kilteasheen	54.005	-8.201	Ireland	KT22	Homo sapiens	1000	NA	oral	dental calculus	NA	SRA	SRS3078151
Mann2018	2018	10.1038/s41598-018-28091-9	Kilteasheen	54.005	-8.201	Ireland	KT23	Homo sapiens	1000	NA	oral	dental calculus	NA	SRA	SRS3078155
Mann2018	2018	10.1038/s41598-018-28091-9	Kilteasheen	54.005	-8.201	Ireland	KT24	Homo sapiens	1000	NA	oral	dental calculus	NA	SRA	SRS3078156,SRS3078146 
Mann2018	2018	10.1038/s41598-018-28091-9	Kilteasheen	54.005	-8.201	Ireland	KT25	Homo sapiens	1000	NA	oral	dental calculus	NA	SRA	SRS3078197,SRS3078141 
Mann2018	2018	10.1038/s41598-018-28091-9	Kilteasheen	54.005	-8.201	Ireland	KT26	Homo sapiens	1000	NA	oral	dental calculus	NA	SRA	SRS3078139,SRS3078145 
Mann2018	2018	10.1038/s41598-018-28091-9	Kilteasheen	54.005	-8.201	Ireland	KT27	Homo sapiens	1000	NA	oral	dental calculus	NA	SRA	SRS3078093
Mann2018	2018	10.1038/s41598-018-28091-9	Kilteasheen	54.005	-8.201	Ireland	KT28	Homo sapiens	1000	NA	oral	dental calculus	NA	SRA	SRS3078091,SRS3078089 
Mann2018	2018	10.1038/s41598-018-28091-9	Kilteasheen	54.005	-8.201	Ireland	KT29	Homo sapiens	1000	NA	oral	dental calculus	NA	SRA	SRS3078087,SRS3078085 
Mann2018	2018	10.1038/s41598-018-28091-9	Kilteasheen	54.005	-8.201	Ireland	KT30	Homo sapiens	1000	NA	oral	dental calculus	NA	SRA	SRS3078193
Mann2018	2018	10.1038/s41598-018-28091-9	Kilteasheen	54.005	-8.201	Ireland	KT31	Homo sapiens	1000	NA	oral	dental calculus	NA	SRA	SRS3078158,SRS3078147 
Mann2018	2018	10.1038/s41598-018-28091-9	Kilteasheen	54.005	-8.201	Ireland	KT32	Homo sapiens	1000	NA	oral	dental calculus	NA	SRA	SRS3078192,SRS3078187 
Mann2018	2018	10.1038/s41598-018-28091-9	Kilteasheen	54.005	-8.201	Ireland	KT33	Homo sapiens	1000	NA	oral	dental calculus	NA	SRA	SRS3078170
Mann2018	2018	10.1038/s41598-018-28091-9	Kilteasheen	54.005	-8.201	Ireland	KT34	Homo sapiens	1000	NA	oral	dental calculus	NA	SRA	SRS3078167
Mann2018	2018	10.1038/s41598-018-28091-9	Kilteasheen	54.005	-8.201	Ireland	KT35	Homo sapiens	1000	NA	oral	dental calculus	NA	SRA	SRS3078165
Mann2018	2018	10.1038/s41598-018-28091-9	Kilteasheen	54.005	-8.201	Ireland	KT36	Homo sapiens	1000	NA	oral	dental calculus	NA	SRA	SRS3078163,SRS3078172 
Mann2018	2018	10.1038/s41598-018-28091-9	Norris Farms	40.23	-90.143	USA	NF217	Homo sapiens	700	NA	oral	dental calculus	NA	SRA	SRS3078173
Mann2018	2018	10.1038/s41598-018-28091-9	Norris Farms	40.23	-90.143	USA	NF47	Homo sapiens	700	NA	oral	dental calculus	NA	SRA	SRS3078175
Mann2018	2018	10.1038/s41598-018-28091-9	Middenbeemster	52.548	4.912	Netherlands	S108	Homo sapiens	300	NA	oral	dental calculus	NA	SRA	SRS3078160
Mann2018	2018	10.1038/s41598-018-28091-9	Samdzong	29.27	84.03	Nepal	S40	Homo sapiens	1500	NA	oral	dental calculus	NA	SRA	SRS3078162
Mann2018	2018	10.1038/s41598-018-28091-9	Samdzong	29.27	84.03	Nepal	S41	Homo sapiens	1500	NA	oral	dental calculus	NA	SRA	SRS3078206
Mann2018	2018	10.1038/s41598-018-28091-9	Middenbeemster	52.548	4.912	Netherlands	S454	Homo sapiens	300	NA	oral	dental calculus	NA	SRA	SRS3078095
Brealey2020	2020	10.1093/molbev/msaa135	Karisimbi	-1.508	29.445	Democratic Republic of the Congo	Gb1	Gorilla beringei	100	10.1093/molbev/msaa135	oral	dental calculus	NA	ENA	ERS4545903,ERS4545904 ,ERS4545905 
Brealey2020	2020	10.1093/molbev/msaa135	Lulingu	-2.316	27.549	Democratic Republic of the Congo	Gb2	Gorilla beringei	100	10.1093/molbev/msaa135	oral	dental calculus	NA	ENA	ERS4545906,ERS4545907,ERS4545908 
Brealey2020	2020	10.1093/molbev/msaa135	Kamchatka	56.21	159.346	Russia	Ua2	Ursus arctos	100	10.1093/molbev/msaa135	oral	dental calculus	NA	ENA	ERS4545909
Brealey2020	2020	10.1093/molbev/msaa135	Kamchatka	56.21	159.346	Russia	Ua6	Ursus arctos	100	10.1093/molbev/msaa135	oral	dental calculus	NA	ENA	ERS4545910
Brealey2020	2020	10.1093/molbev/msaa135	Kamchatka	56.21	159.346	Russia	Ua7	Ursus arctos	100	10.1093/molbev/msaa135	oral	dental calculus	NA	ENA	ERS4545911
Brealey2020	2020	10.1093/molbev/msaa135	Lake Ladoga	61	31.5	Russia	Ua13	Ursus arctos	200	10.1093/molbev/msaa135	oral	dental calculus	NA	ENA	ERS4545912
Brealey2020	2020	10.1093/molbev/msaa135	Dalarna	61.004	14.537	Sweden	Ua14	Ursus arctos	200	10.1093/molbev/msaa135	oral	dental calculus	NA	ENA	ERS4545913
Brealey2020	2020	10.1093/molbev/msaa135	Jämtland	63.399	13.081	Sweden	Ua9	Ursus arctos	100	10.1093/molbev/msaa135	oral	dental calculus	NA	ENA	ERS4545914
Brealey2020	2020	10.1093/molbev/msaa135	Spitsbergen	78.899	18.016	Norway	Rt1	Rangifer tarandus	200	10.1093/molbev/msaa135	oral	dental calculus	NA	ENA	ERS4545915
Brealey2020	2020	10.1093/molbev/msaa135	Unknown	NA	NA	Unknown	Rt5	Rangifer tarandus	100	10.1093/molbev/msaa135	oral	dental calculus	NA	ENA	ERS4545916
Brealey2020	2020	10.1093/molbev/msaa135	Spitsbergen	78.899	18.016	Norway	Rt7	Rangifer tarandus	200	10.1093/molbev/msaa135	oral	dental calculus	NA	ENA	ERS4545917
Brealey2020	2020	10.1093/molbev/msaa135	South-west Norway	60	6	Norway	Rt11	Rangifer tarandus	100	10.1093/molbev/msaa135	oral	dental calculus	NA	ENA	ERS4545918
Brealey2020	2020	10.1093/molbev/msaa135	North-east Greenland	79	-56	Greenland	Rt13	Rangifer tarandus	200	10.1093/molbev/msaa135	oral	dental calculus	NA	ENA	ERS4545919
Brealey2020	2020	10.1093/molbev/msaa135	Spitsbergen	78.899	18.016	Norway	Rt_tooth	Rangifer tarandus	100	10.1093/molbev/msaa135	oral	tooth	NA	ENA	ERS4545920
Ozga2019	2019	10.1038/s41598-019-53802-1	Gombe National Park	-4.69	29.62	Tanzania	02C	Pan troglodytes schweinfurthii	100	10.1038/s41598-019-53802-1	oral	dental calculus	NA	SRA	SRS4625244
Ozga2019	2019	10.1038/s41598-019-53802-1	Gombe National Park	-4.69	29.62	Tanzania	04C	Pan troglodytes schweinfurthii	100	10.1038/s41598-019-53802-1	oral	dental calculus	NA	SRA	SRS4625243
Ozga2019	2019	10.1038/s41598-019-53802-1	Gombe National Park	-4.69	29.62	Tanzania	05C	Pan troglodytes schweinfurthii	100	10.1038/s41598-019-53802-1	oral	dental calculus	NA	SRA	SRS4625242
Ozga2019	2019	10.1038/s41598-019-53802-1	Gombe National Park	-4.69	29.62	Tanzania	07C	Pan troglodytes schweinfurthii	100	10.1038/s41598-019-53802-1	oral	dental calculus	NA	SRA	SRS4625241
Ozga2019	2019	10.1038/s41598-019-53802-1	Gombe National Park	-4.69	29.62	Tanzania	13C	Pan troglodytes schweinfurthii	100	10.1038/s41598-019-53802-1	oral	dental calculus	NA	SRA	SRS4625248
Ozga2019	2019	10.1038/s41598-019-53802-1	Gombe National Park	-4.69	29.62	Tanzania	14C	Pan troglodytes schweinfurthii	100	10.1038/s41598-019-53802-1	oral	dental calculus	NA	SRA	SRS4625247
Ozga2019	2019	10.1038/s41598-019-53802-1	Gombe National Park	-4.69	29.62	Tanzania	16C	Pan troglodytes schweinfurthii	100	10.1038/s41598-019-53802-1	oral	dental calculus	NA	SRA	SRS4625246
Ozga2019	2019	10.1038/s41598-019-53802-1	Gombe National Park	-4.69	29.62	Tanzania	17C	Pan troglodytes schweinfurthii	100	10.1038/s41598-019-53802-1	oral	dental calculus	NA	SRA	SRS4625245
Ozga2019	2019	10.1038/s41598-019-53802-1	Gombe National Park	-4.69	29.62	Tanzania	18C	Pan troglodytes schweinfurthii	100	10.1038/s41598-019-53802-1	oral	dental calculus	NA	SRA	SRS4625250
Ozga2019	2019	10.1038/s41598-019-53802-1	Gombe National Park	-4.69	29.62	Tanzania	19C	Pan troglodytes schweinfurthii	100	10.1038/s41598-019-53802-1	oral	dental calculus	NA	SRA	SRS4625249
Ozga2019	2019	10.1038/s41598-019-53802-1	Gombe National Park	-4.69	29.62	Tanzania	20C	Pan troglodytes schweinfurthii	100	10.1038/s41598-019-53802-1	oral	dental calculus	NA	SRA	SRS4625239
Ozga2019	2019	10.1038/s41598-019-53802-1	Gombe National Park	-4.69	29.62	Tanzania	21C	Pan troglodytes schweinfurthii	100	10.1038/s41598-019-53802-1	oral	dental calculus	NA	SRA	SRS4625238
Ozga2019	2019	10.1038/s41598-019-53802-1	Gombe National Park	-4.69	29.62	Tanzania	22C	Pan troglodytes schweinfurthii	100	10.1038/s41598-019-53802-1	oral	dental calculus	NA	SRA	SRS4625237
Ozga2019	2019	10.1038/s41598-019-53802-1	Gombe National Park	-4.69	29.62	Tanzania	24C	Pan troglodytes schweinfurthii	100	10.1038/s41598-019-53802-1	oral	dental calculus	NA	SRA	SRS4625236
Ozga2019	2019	10.1038/s41598-019-53802-1	Gombe National Park	-4.69	29.62	Tanzania	25C	Pan troglodytes schweinfurthii	100	10.1038/s41598-019-53802-1	oral	dental calculus	NA	SRA	SRS4625235
Ozga2019	2019	10.1038/s41598-019-53802-1	Gombe National Park	-4.69	29.62	Tanzania	26C	Pan troglodytes schweinfurthii	100	10.1038/s41598-019-53802-1	oral	dental calculus	NA	SRA	SRS4625234
Ozga2019	2019	10.1038/s41598-019-53802-1	Gombe National Park	-4.69	29.62	Tanzania	27C	Pan troglodytes schweinfurthii	100	10.1038/s41598-019-53802-1	oral	dental calculus	NA	SRA	SRS4625233
Ozga2019	2019	10.1038/s41598-019-53802-1	Gombe National Park	-4.69	29.62	Tanzania	28C	Pan troglodytes schweinfurthii	100	10.1038/s41598-019-53802-1	oral	dental calculus	NA	SRA	SRS4625232
Ozga2019	2019	10.1038/s41598-019-53802-1	Gombe National Park	-4.69	29.62	Tanzania	29C	Pan troglodytes schweinfurthii	100	10.1038/s41598-019-53802-1	oral	dental calculus	NA	SRA	SRS4625240
Ottoni2019	2019	10.1038/s41598-019-56074-x	Gabbanat al-Qurud	25.741	32.592	Egypt	BB01	Papio hamadryas	100	10.1038/s41598-019-56074-x	oral	dental calculus	NA	ENA	ERS3887040
Ottoni2019	2019	10.1038/s41598-019-56074-x	Gabbanat al-Qurud	25.741	32.592	Egypt	BB05	Papio anubis	100	10.1038/s41598-019-56074-x	oral	dental calculus	NA	ENA	ERS3887041,ERS3887041 
Ottoni2019	2019	10.1038/s41598-019-56074-x	Gabbanat al-Qurud	25.741	32.592	Egypt	BB06	Papio anubis	100	10.1038/s41598-019-56074-x	oral	dental calculus	NA	ENA	ERS3887042,ERS3887042 
Ottoni2019	2019	10.1038/s41598-019-56074-x	Gabbanat al-Qurud	25.741	32.592	Egypt	BB08	Papio hamadryas	100	10.1038/s41598-019-56074-x	oral	dental calculus	NA	ENA	ERS3887043
Ottoni2019	2019	10.1038/s41598-019-56074-x	Gabbanat al-Qurud	25.741	32.592	Egypt	BB09	Papio hamadryas	100	10.1038/s41598-019-56074-x	oral	dental calculus	NA	ENA	ERS3887044
Ottoni2019	2019	10.1038/s41598-019-56074-x	Gabbanat al-Qurud	25.741	32.592	Egypt	BB11	Papio sp.	100	10.1038/s41598-019-56074-x	oral	dental calculus	NA	ENA	ERS3887045
Ottoni2019	2019	10.1038/s41598-019-56074-x	Zoological Society of Philadelphia	39.97	-75.19	USA	ANSP11833	Papio hamadryas	100	10.1038/s41598-019-56074-x	oral	dental calculus	NA	ENA	ERS3887046
Ottoni2019	2019	10.1038/s41598-019-56074-x	Zoological Society of Philadelphia	39.97	-75.19	USA	ANSP3271	Papio hamadryas	100	10.1038/s41598-019-56074-x	oral	dental calculus	NA	ENA	ERS3887047
Zhou2018	2018	10.1016/j.cub.2018.05.058	St. Olav's Cathedral	63.425	10.392	Norway	SK152	Homo sapiens	800	NA	oral	dental calculus	NA	UCPH ERDA	E56xgi8CEl
Philips2017	2017	10.1186/s12864-020-06810-9	Gniezno	52.538	17.597	Poland	PCA0161	Homo sapiens	1000	10.1186/s12864-020-06810-9	oral	tooth	NA	SRA	SRS1815425
Philips2017	2017	10.1186/s12864-020-06810-9	Gniezno	52.538	17.597	Poland	PCA0162	Homo sapiens	900	10.1186/s12864-020-06810-9	oral	tooth	NA	SRA	SRS1815300
Philips2017	2017	10.1186/s12864-020-06810-9	Kowalewko	52.699	17.605	Poland	PCA0002	Homo sapiens	1800	10.1186/s12864-020-06810-9	oral	tooth	NA	SRA	SRS1815290
Philips2017	2017	10.1186/s12864-020-06810-9	Kowalewko	52.699	17.605	Poland	PCA0001	Homo sapiens	1800	10.1186/s12864-020-06810-9	oral	tooth	NA	SRA	SRS1815306
Philips2017	2017	10.1186/s12864-020-06810-9	Kowalewko	52.699	17.605	Poland	PCA0005	Homo sapiens	2000	10.1186/s12864-020-06810-9	oral	tooth	NA	SRA	SRS1815342
Philips2017	2017	10.1186/s12864-020-06810-9	Kowalewko	52.699	17.605	Poland	PCA0007	Homo sapiens	1800	10.1186/s12864-020-06810-9	oral	tooth	NA	SRA	SRS1815363
Philips2017	2017	10.1186/s12864-020-06810-9	Kowalewko	52.699	17.605	Poland	PCA0006	Homo sapiens	1800	10.1186/s12864-020-06810-9	oral	tooth	NA	SRA	SRS1815390
Philips2017	2017	10.1186/s12864-020-06810-9	Kowalewko	52.699	17.605	Poland	PCA0004	Homo sapiens	1800	10.1186/s12864-020-06810-9	oral	tooth	NA	SRA	SRS1815395
Philips2017	2017	10.1186/s12864-020-06810-9	Kowalewko	52.699	17.605	Poland	PCA0003	Homo sapiens	1800	10.1186/s12864-020-06810-9	oral	tooth	NA	SRA	SRS1815397
Philips2017	2017	10.1186/s12864-020-06810-9	Kowalewko	52.699	17.605	Poland	PCA0015	Homo sapiens	1900	10.1186/s12864-020-06810-9	oral	tooth	NA	SRA	SRS1815278
Philips2017	2017	10.1186/s12864-020-06810-9	Kowalewko	52.699	17.605	Poland	PCA0016	Homo sapiens	1800	10.1186/s12864-020-06810-9	oral	tooth	NA	SRA	SRS1815388
Philips2017	2017	10.1186/s12864-020-06810-9	Kowalewko	52.699	17.605	Poland	PCA0017	Homo sapiens	1800	10.1186/s12864-020-06810-9	oral	tooth	NA	SRA	SRS1815282
Philips2017	2017	10.1186/s12864-020-06810-9	Kowalewko	52.699	17.605	Poland	PCA0018	Homo sapiens	1800	10.1186/s12864-020-06810-9	oral	tooth	NA	SRA	SRS1815401
Philips2017	2017	10.1186/s12864-020-06810-9	Kowalewko	52.699	17.605	Poland	PCA0019	Homo sapiens	1800	10.1186/s12864-020-06810-9	oral	tooth	NA	SRA	SRS1815396
Philips2017	2017	10.1186/s12864-020-06810-9	Kowalewko	52.699	17.605	Poland	PCA0020	Homo sapiens	1900	10.1186/s12864-020-06810-9	oral	tooth	NA	SRA	SRS1815287
Philips2017	2017	10.1186/s12864-020-06810-9	Kowalewko	52.699	17.605	Poland	PCA0021	Homo sapiens	1800	10.1186/s12864-020-06810-9	oral	tooth	NA	SRA	SRS1815317
Philips2017	2017	10.1186/s12864-020-06810-9	Kowalewko	52.699	17.605	Poland	PCA0022	Homo sapiens	1800	10.1186/s12864-020-06810-9	oral	tooth	NA	SRA	SRS1815417
Philips2017	2017	10.1186/s12864-020-06810-9	Kowalewko	52.699	17.605	Poland	PCA0023	Homo sapiens	1900	10.1186/s12864-020-06810-9	oral	tooth	NA	SRA	SRS1815274
Philips2017	2017	10.1186/s12864-020-06810-9	Kowalewko	52.699	17.605	Poland	PCA0024	Homo sapiens	1800	10.1186/s12864-020-06810-9	oral	tooth	NA	SRA	SRS1815332
Philips2017	2017	10.1186/s12864-020-06810-9	Kowalewko	52.699	17.605	Poland	PCA0025	Homo sapiens	1800	10.1186/s12864-020-06810-9	oral	tooth	NA	SRA	SRS1815311
Philips2017	2017	10.1186/s12864-020-06810-9	Kowalewko	52.699	17.605	Poland	PCA0026	Homo sapiens	1900	10.1186/s12864-020-06810-9	oral	tooth	NA	SRA	SRS1815377
Philips2017	2017	10.1186/s12864-020-06810-9	Kowalewko	52.699	17.605	Poland	PCA0027	Homo sapiens	1800	10.1186/s12864-020-06810-9	oral	tooth	NA	SRA	SRS1815301
Philips2017	2017	10.1186/s12864-020-06810-9	Kowalewko	52.699	17.605	Poland	PCA0028	Homo sapiens	1800	10.1186/s12864-020-06810-9	oral	tooth	NA	SRA	SRS1815349
Philips2017	2017	10.1186/s12864-020-06810-9	Kowalewko	52.699	17.605	Poland	PCA0029	Homo sapiens	1900	10.1186/s12864-020-06810-9	oral	tooth	NA	SRA	SRS1815316
Philips2017	2017	10.1186/s12864-020-06810-9	Kowalewko	52.699	17.605	Poland	PCA0030	Homo sapiens	1900	10.1186/s12864-020-06810-9	oral	tooth	NA	SRA	SRS1815369
Philips2017	2017	10.1186/s12864-020-06810-9	Kowalewko	52.699	17.605	Poland	PCA0031	Homo sapiens	1900	10.1186/s12864-020-06810-9	oral	tooth	NA	SRA	SRS1815399
Philips2017	2017	10.1186/s12864-020-06810-9	Kowalewko	52.699	17.605	Poland	PCA0032	Homo sapiens	1800	10.1186/s12864-020-06810-9	oral	tooth	NA	SRA	SRS1815308
Philips2017	2017	10.1186/s12864-020-06810-9	Kowalewko	52.699	17.605	Poland	PCA0033	Homo sapiens	1800	10.1186/s12864-020-06810-9	oral	tooth	NA	SRA	SRS1815386
Philips2017	2017	10.1186/s12864-020-06810-9	Kowalewko	52.699	17.605	Poland	PCA0034	Homo sapiens	1900	10.1186/s12864-020-06810-9	oral	tooth	NA	SRA	SRS1815289
Philips2017	2017	10.1186/s12864-020-06810-9	Kowalewko	52.699	17.605	Poland	PCA0035	Homo sapiens	1900	10.1186/s12864-020-06810-9	oral	tooth	NA	SRA	SRS1815299
Philips2017	2017	10.1186/s12864-020-06810-9	Kowalewko	52.699	17.605	Poland	PCA0036	Homo sapiens	1900	10.1186/s12864-020-06810-9	oral	tooth	NA	SRA	SRS1815431
Philips2017	2017	10.1186/s12864-020-06810-9	Kowalewko	52.699	17.605	Poland	PCA0037	Homo sapiens	1800	10.1186/s12864-020-06810-9	oral	tooth	NA	SRA	SRS1815328
Philips2017	2017	10.1186/s12864-020-06810-9	Kowalewko	52.699	17.605	Poland	PCA0038	Homo sapiens	1800	10.1186/s12864-020-06810-9	oral	tooth	NA	SRA	SRS1815429
Philips2017	2017	10.1186/s12864-020-06810-9	Kowalewko	52.699	17.605	Poland	PCA0039	Homo sapiens	1900	10.1186/s12864-020-06810-9	oral	tooth	NA	SRA	SRS1815408
Philips2017	2017	10.1186/s12864-020-06810-9	Kowalewko	52.699	17.605	Poland	PCA0040	Homo sapiens	1900	10.1186/s12864-020-06810-9	oral	tooth	NA	SRA	SRS1815407
Philips2017	2017	10.1186/s12864-020-06810-9	Kowalewko	52.699	17.605	Poland	PCA0041	Homo sapiens	1900	10.1186/s12864-020-06810-9	oral	tooth	NA	SRA	SRS1815307
Philips2017	2017	10.1186/s12864-020-06810-9	Kowalewko	52.699	17.605	Poland	PCA0042	Homo sapiens	1900	10.1186/s12864-020-06810-9	oral	tooth	NA	SRA	SRS1815435
Philips2017	2017	10.1186/s12864-020-06810-9	Kowalewko	52.699	17.605	Poland	PCA0043	Homo sapiens	1800	10.1186/s12864-020-06810-9	oral	tooth	NA	SRA	SRS1815356
Philips2017	2017	10.1186/s12864-020-06810-9	Kowalewko	52.699	17.605	Poland	PCA0044	Homo sapiens	1800	10.1186/s12864-020-06810-9	oral	tooth	NA	SRA	SRS1815345
Philips2017	2017	10.1186/s12864-020-06810-9	Kowalewko	52.699	17.605	Poland	PCA0045	Homo sapiens	1900	10.1186/s12864-020-06810-9	oral	tooth	NA	SRA	SRS1815426
Philips2017	2017	10.1186/s12864-020-06810-9	Kowalewko	52.699	17.605	Poland	PCA0046	Homo sapiens	1900	10.1186/s12864-020-06810-9	oral	tooth	NA	SRA	SRS1815358
Philips2017	2017	10.1186/s12864-020-06810-9	Kowalewko	52.699	17.605	Poland	PCA0047	Homo sapiens	1900	10.1186/s12864-020-06810-9	oral	tooth	NA	SRA	SRS1815276
Philips2017	2017	10.1186/s12864-020-06810-9	Kowalewko	52.699	17.605	Poland	PCA0048	Homo sapiens	1800	10.1186/s12864-020-06810-9	oral	tooth	NA	SRA	SRS1815331
Philips2017	2017	10.1186/s12864-020-06810-9	Kowalewko	52.699	17.605	Poland	PCA0049	Homo sapiens	1900	10.1186/s12864-020-06810-9	oral	tooth	NA	SRA	SRS1815337
Philips2017	2017	10.1186/s12864-020-06810-9	Kowalewko	52.699	17.605	Poland	PCA0050	Homo sapiens	1900	10.1186/s12864-020-06810-9	oral	tooth	NA	SRA	SRS1815319
Philips2017	2017	10.1186/s12864-020-06810-9	Kowalewko	52.699	17.605	Poland	PCA0051	Homo sapiens	1900	10.1186/s12864-020-06810-9	oral	tooth	NA	SRA	SRS1815422
Philips2017	2017	10.1186/s12864-020-06810-9	Kowalewko	52.699	17.605	Poland	PCA0052	Homo sapiens	1900	10.1186/s12864-020-06810-9	oral	tooth	NA	SRA	SRS1815296
Philips2017	2017	10.1186/s12864-020-06810-9	Kowalewko	52.699	17.605	Poland	PCA0053	Homo sapiens	1800	10.1186/s12864-020-06810-9	oral	tooth	NA	SRA	SRS1815410
Philips2017	2017	10.1186/s12864-020-06810-9	Kowalewko	52.699	17.605	Poland	PCA0054	Homo sapiens	1900	10.1186/s12864-020-06810-9	oral	tooth	NA	SRA	SRS1815350
Philips2017	2017	10.1186/s12864-020-06810-9	Kowalewko	52.699	17.605	Poland	PCA0055	Homo sapiens	1900	10.1186/s12864-020-06810-9	oral	tooth	NA	SRA	SRS1815365
Philips2017	2017	10.1186/s12864-020-06810-9	Kowalewko	52.699	17.605	Poland	PCA0056	Homo sapiens	1800	10.1186/s12864-020-06810-9	oral	tooth	NA	SRA	SRS1815325
Philips2017	2017	10.1186/s12864-020-06810-9	Kowalewko	52.699	17.605	Poland	PCA0057	Homo sapiens	1900	10.1186/s12864-020-06810-9	oral	tooth	NA	SRA	SRS1815283
Philips2017	2017	10.1186/s12864-020-06810-9	Kowalewko	52.699	17.605	Poland	PCA0058	Homo sapiens	1800	10.1186/s12864-020-06810-9	oral	tooth	NA	SRA	SRS1815427
Philips2017	2017	10.1186/s12864-020-06810-9	Kowalewko	52.699	17.605	Poland	PCA0059	Homo sapiens	1900	10.1186/s12864-020-06810-9	oral	tooth	NA	SRA	SRS1815304
Philips2017	2017	10.1186/s12864-020-06810-9	Kowalewko	52.699	17.605	Poland	PCA0060	Homo sapiens	1800	10.1186/s12864-020-06810-9	oral	tooth	NA	SRA	SRS1815340
Philips2017	2017	10.1186/s12864-020-06810-9	Kowalewko	52.699	17.605	Poland	PCA0061	Homo sapiens	1800	10.1186/s12864-020-06810-9	oral	tooth	NA	SRA	SRS1815326
Philips2017	2017	10.1186/s12864-020-06810-9	Kowalewko	52.699	17.605	Poland	PCA0062	Homo sapiens	1800	10.1186/s12864-020-06810-9	oral	tooth	NA	SRA	SRS1815414
Philips2017	2017	10.1186/s12864-020-06810-9	Kowalewko	52.699	17.605	Poland	PCA0063	Homo sapiens	1900	10.1186/s12864-020-06810-9	oral	tooth	NA	SRA	SRS1815312
Philips2017	2017	10.1186/s12864-020-06810-9	Kowalewko	52.699	17.605	Poland	PCA0064	Homo sapiens	1800	10.1186/s12864-020-06810-9	oral	tooth	NA	SRA	SRS1815371
Philips2017	2017	10.1186/s12864-020-06810-9	Kowalewko	52.699	17.605	Poland	PCA0065	Homo sapiens	1800	10.1186/s12864-020-06810-9	oral	tooth	NA	SRA	SRS1815394
Philips2017	2017	10.1186/s12864-020-06810-9	Kowalewko	52.699	17.605	Poland	PCA0066	Homo sapiens	1900	10.1186/s12864-020-06810-9	oral	tooth	NA	SRA	SRS1815321
Philips2017	2017	10.1186/s12864-020-06810-9	Kowalewko	52.699	17.605	Poland	PCA0013	Homo sapiens	1800	10.1186/s12864-020-06810-9	oral	tooth	NA	SRA	SRS1815313
Philips2017	2017	10.1186/s12864-020-06810-9	Kowalewko	52.699	17.605	Poland	PCA0014	Homo sapiens	1800	10.1186/s12864-020-06810-9	oral	tooth	NA	SRA	SRS1815314
Philips2017	2017	10.1186/s12864-020-06810-9	Łęgowo	54.226	18.642	Poland	PCA0165	Homo sapiens	900	10.1186/s12864-020-06810-9	oral	tooth	NA	SRA	SRS1815298
Philips2017	2017	10.1186/s12864-020-06810-9	Łęgowo	54.226	18.642	Poland	PCA0166	Homo sapiens	900	10.1186/s12864-020-06810-9	oral	tooth	NA	SRA	SRS1815344
Philips2017	2017	10.1186/s12864-020-06810-9	Łęgowo	54.226	18.642	Poland	PCA0167	Homo sapiens	900	10.1186/s12864-020-06810-9	oral	tooth	NA	SRA	SRS1815421
Philips2017	2017	10.1186/s12864-020-06810-9	Łęgowo	54.226	18.642	Poland	PCA0168	Homo sapiens	1000	10.1186/s12864-020-06810-9	oral	tooth	NA	SRA	SRS1815273
Philips2017	2017	10.1186/s12864-020-06810-9	Łęgowo	54.226	18.642	Poland	PCA0169	Homo sapiens	900	10.1186/s12864-020-06810-9	oral	tooth	NA	SRA	SRS1815402
Philips2017	2017	10.1186/s12864-020-06810-9	Łęgowo	54.226	18.642	Poland	PCA0170	Homo sapiens	900	10.1186/s12864-020-06810-9	oral	tooth	NA	SRA	SRS1815411
Philips2017	2017	10.1186/s12864-020-06810-9	Łęgowo	54.226	18.642	Poland	PCA0171	Homo sapiens	900	10.1186/s12864-020-06810-9	oral	tooth	NA	SRA	SRS1815432
Philips2017	2017	10.1186/s12864-020-06810-9	Łęgowo	54.226	18.642	Poland	PCA0172	Homo sapiens	900	10.1186/s12864-020-06810-9	oral	tooth	NA	SRA	SRS1815346
Philips2017	2017	10.1186/s12864-020-06810-9	Łęgowo	54.226	18.642	Poland	PCA0173	Homo sapiens	900	10.1186/s12864-020-06810-9	oral	tooth	NA	SRA	SRS1815279
Philips2017	2017	10.1186/s12864-020-06810-9	Markowice	52.313	17.215	Poland	PCA0152	Homo sapiens	900	10.1186/s12864-020-06810-9	oral	tooth	NA	SRA	SRS1815348
Philips2017	2017	10.1186/s12864-020-06810-9	Markowice	52.313	17.215	Poland	PCA0153	Homo sapiens	900	10.1186/s12864-020-06810-9	oral	tooth	NA	SRA	SRS1815392
Philips2017	2017	10.1186/s12864-020-06810-9	Markowice	52.313	17.215	Poland	PCA0154	Homo sapiens	900	10.1186/s12864-020-06810-9	oral	tooth	NA	SRA	SRS1815400
Philips2017	2017	10.1186/s12864-020-06810-9	Markowice	52.313	17.215	Poland	PCA0155	Homo sapiens	1000	10.1186/s12864-020-06810-9	oral	tooth	NA	SRA	SRS1815294
Philips2017	2017	10.1186/s12864-020-06810-9	Markowice	52.313	17.215	Poland	PCA0156	Homo sapiens	1000	10.1186/s12864-020-06810-9	oral	tooth	NA	SRA	SRS1815424
Philips2017	2017	10.1186/s12864-020-06810-9	Markowice	52.313	17.215	Poland	PCA0157	Homo sapiens	900	10.1186/s12864-020-06810-9	oral	tooth	NA	SRA	SRS1815383
Philips2017	2017	10.1186/s12864-020-06810-9	Markowice	52.313	17.215	Poland	PCA0158	Homo sapiens	900	10.1186/s12864-020-06810-9	oral	tooth	NA	SRA	SRS1815413
Philips2017	2017	10.1186/s12864-020-06810-9	Markowice	52.313	17.215	Poland	PCA0159	Homo sapiens	1000	10.1186/s12864-020-06810-9	oral	tooth	NA	SRA	SRS1815303
Philips2017	2017	10.1186/s12864-020-06810-9	Masłomęcz	50.722	23.892	Poland	PCA0088	Homo sapiens	1700	10.1186/s12864-020-06810-9	oral	tooth	NA	SRA	SRS1815293
Philips2017	2017	10.1186/s12864-020-06810-9	Masłomęcz	50.722	23.892	Poland	PCA0097	Homo sapiens	1700	10.1186/s12864-020-06810-9	oral	tooth	NA	SRA	SRS1815285
Philips2017	2017	10.1186/s12864-020-06810-9	Masłomęcz	50.722	23.892	Poland	PCA0098	Homo sapiens	1700	10.1186/s12864-020-06810-9	oral	tooth	NA	SRA	SRS1815391
Philips2017	2017	10.1186/s12864-020-06810-9	Masłomęcz	50.722	23.892	Poland	PCA0099	Homo sapiens	1700	10.1186/s12864-020-06810-9	oral	tooth	NA	SRA	SRS1815409
Philips2017	2017	10.1186/s12864-020-06810-9	Masłomęcz	50.722	23.892	Poland	PCA0100	Homo sapiens	1700	10.1186/s12864-020-06810-9	oral	tooth	NA	SRA	SRS1815354
Philips2017	2017	10.1186/s12864-020-06810-9	Masłomęcz	50.722	23.892	Poland	PCA0101	Homo sapiens	1700	10.1186/s12864-020-06810-9	oral	tooth	NA	SRA	SRS1815374
Philips2017	2017	10.1186/s12864-020-06810-9	Masłomęcz	50.722	23.892	Poland	PCA0102	Homo sapiens	1700	10.1186/s12864-020-06810-9	oral	tooth	NA	SRA	SRS1815320
Philips2017	2017	10.1186/s12864-020-06810-9	Masłomęcz	50.722	23.892	Poland	PCA0103	Homo sapiens	1700	10.1186/s12864-020-06810-9	oral	tooth	NA	SRA	SRS1815428
Philips2017	2017	10.1186/s12864-020-06810-9	Masłomęcz	50.722	23.892	Poland	PCA0104	Homo sapiens	1700	10.1186/s12864-020-06810-9	oral	tooth	NA	SRA	SRS1815367
Philips2017	2017	10.1186/s12864-020-06810-9	Masłomęcz	50.722	23.892	Poland	PCA0105	Homo sapiens	1700	10.1186/s12864-020-06810-9	oral	tooth	NA	SRA	SRS1815277
Philips2017	2017	10.1186/s12864-020-06810-9	Masłomęcz	50.722	23.892	Poland	PCA0106	Homo sapiens	1700	10.1186/s12864-020-06810-9	oral	tooth	NA	SRA	SRS1815323
Philips2017	2017	10.1186/s12864-020-06810-9	Masłomęcz	50.722	23.892	Poland	PCA0089	Homo sapiens	1700	10.1186/s12864-020-06810-9	oral	tooth	NA	SRA	SRS1815310
Philips2017	2017	10.1186/s12864-020-06810-9	Masłomęcz	50.722	23.892	Poland	PCA0107	Homo sapiens	1700	10.1186/s12864-020-06810-9	oral	tooth	NA	SRA	SRS1815430
Philips2017	2017	10.1186/s12864-020-06810-9	Masłomęcz	50.722	23.892	Poland	PCA0108	Homo sapiens	1700	10.1186/s12864-020-06810-9	oral	tooth	NA	SRA	SRS1815305
Philips2017	2017	10.1186/s12864-020-06810-9	Masłomęcz	50.722	23.892	Poland	PCA0109	Homo sapiens	1700	10.1186/s12864-020-06810-9	oral	tooth	NA	SRA	SRS1815360
Philips2017	2017	10.1186/s12864-020-06810-9	Masłomęcz	50.722	23.892	Poland	PCA0110	Homo sapiens	1700	10.1186/s12864-020-06810-9	oral	tooth	NA	SRA	SRS1815339
Philips2017	2017	10.1186/s12864-020-06810-9	Masłomęcz	50.722	23.892	Poland	PCA0111	Homo sapiens	1700	10.1186/s12864-020-06810-9	oral	tooth	NA	SRA	SRS1815382
Philips2017	2017	10.1186/s12864-020-06810-9	Masłomęcz	50.722	23.892	Poland	PCA0112	Homo sapiens	1700	10.1186/s12864-020-06810-9	oral	tooth	NA	SRA	SRS1815333
Philips2017	2017	10.1186/s12864-020-06810-9	Masłomęcz	50.722	23.892	Poland	PCA0113	Homo sapiens	1700	10.1186/s12864-020-06810-9	oral	tooth	NA	SRA	SRS1815412
Philips2017	2017	10.1186/s12864-020-06810-9	Masłomęcz	50.722	23.892	Poland	PCA0114	Homo sapiens	1700	10.1186/s12864-020-06810-9	oral	tooth	NA	SRA	SRS1815368
Philips2017	2017	10.1186/s12864-020-06810-9	Masłomęcz	50.722	23.892	Poland	PCA0090	Homo sapiens	1700	10.1186/s12864-020-06810-9	oral	tooth	NA	SRA	SRS1815375
Philips2017	2017	10.1186/s12864-020-06810-9	Masłomęcz	50.722	23.892	Poland	PCA0091	Homo sapiens	1700	10.1186/s12864-020-06810-9	oral	tooth	NA	SRA	SRS1815420
Philips2017	2017	10.1186/s12864-020-06810-9	Masłomęcz	50.722	23.892	Poland	PCA0092	Homo sapiens	1700	10.1186/s12864-020-06810-9	oral	tooth	NA	SRA	SRS1815352
Philips2017	2017	10.1186/s12864-020-06810-9	Masłomęcz	50.722	23.892	Poland	PCA0093	Homo sapiens	1700	10.1186/s12864-020-06810-9	oral	tooth	NA	SRA	SRS1815329
Philips2017	2017	10.1186/s12864-020-06810-9	Masłomęcz	50.722	23.892	Poland	PCA0094	Homo sapiens	1700	10.1186/s12864-020-06810-9	oral	tooth	NA	SRA	SRS1815355
Philips2017	2017	10.1186/s12864-020-06810-9	Masłomęcz	50.722	23.892	Poland	PCA0095	Homo sapiens	1700	10.1186/s12864-020-06810-9	oral	tooth	NA	SRA	SRS1815271
Philips2017	2017	10.1186/s12864-020-06810-9	Masłomęcz	50.722	23.892	Poland	PCA0096	Homo sapiens	1700	10.1186/s12864-020-06810-9	oral	tooth	NA	SRA	SRS1815318
Philips2017	2017	10.1186/s12864-020-06810-9	Niemcza	50.719	16.835	Poland	PCA0115	Homo sapiens	1000	10.1186/s12864-020-06810-9	oral	tooth	NA	SRA	SRS1815416
Philips2017	2017	10.1186/s12864-020-06810-9	Niemcza	50.719	16.835	Poland	PCA0124	Homo sapiens	1000	10.1186/s12864-020-06810-9	oral	tooth	NA	SRA	SRS1815415
Philips2017	2017	10.1186/s12864-020-06810-9	Niemcza	50.719	16.835	Poland	PCA0125	Homo sapiens	1000	10.1186/s12864-020-06810-9	oral	tooth	NA	SRA	SRS1815351
Philips2017	2017	10.1186/s12864-020-06810-9	Niemcza	50.719	16.835	Poland	PCA0126	Homo sapiens	1000	10.1186/s12864-020-06810-9	oral	tooth	NA	SRA	SRS1815322
Philips2017	2017	10.1186/s12864-020-06810-9	Niemcza	50.719	16.835	Poland	PCA0127	Homo sapiens	1000	10.1186/s12864-020-06810-9	oral	tooth	NA	SRA	SRS1815353
Philips2017	2017	10.1186/s12864-020-06810-9	Niemcza	50.719	16.835	Poland	PCA0128	Homo sapiens	1000	10.1186/s12864-020-06810-9	oral	tooth	NA	SRA	SRS1815297
Philips2017	2017	10.1186/s12864-020-06810-9	Niemcza	50.719	16.835	Poland	PCA0129	Homo sapiens	1000	10.1186/s12864-020-06810-9	oral	tooth	NA	SRA	SRS1815284
Philips2017	2017	10.1186/s12864-020-06810-9	Niemcza	50.719	16.835	Poland	PCA0130	Homo sapiens	1000	10.1186/s12864-020-06810-9	oral	tooth	NA	SRA	SRS1815324
Philips2017	2017	10.1186/s12864-020-06810-9	Niemcza	50.719	16.835	Poland	PCA0131	Homo sapiens	1000	10.1186/s12864-020-06810-9	oral	tooth	NA	SRA	SRS1815378
Philips2017	2017	10.1186/s12864-020-06810-9	Niemcza	50.719	16.835	Poland	PCA0132	Homo sapiens	1000	10.1186/s12864-020-06810-9	oral	tooth	NA	SRA	SRS1815387
Philips2017	2017	10.1186/s12864-020-06810-9	Niemcza	50.719	16.835	Poland	PCA0133	Homo sapiens	1000	10.1186/s12864-020-06810-9	oral	tooth	NA	SRA	SRS1815347
Philips2017	2017	10.1186/s12864-020-06810-9	Niemcza	50.719	16.835	Poland	PCA0116	Homo sapiens	1000	10.1186/s12864-020-06810-9	oral	tooth	NA	SRA	SRS1815398
Philips2017	2017	10.1186/s12864-020-06810-9	Niemcza	50.719	16.835	Poland	PCA0134	Homo sapiens	1000	10.1186/s12864-020-06810-9	oral	tooth	NA	SRA	SRS1815364
Philips2017	2017	10.1186/s12864-020-06810-9	Niemcza	50.719	16.835	Poland	PCA0135	Homo sapiens	1000	10.1186/s12864-020-06810-9	oral	tooth	NA	SRA	SRS1815404
Philips2017	2017	10.1186/s12864-020-06810-9	Niemcza	50.719	16.835	Poland	PCA0136	Homo sapiens	1000	10.1186/s12864-020-06810-9	oral	tooth	NA	SRA	SRS1815338
Philips2017	2017	10.1186/s12864-020-06810-9	Niemcza	50.719	16.835	Poland	PCA0137	Homo sapiens	1000	10.1186/s12864-020-06810-9	oral	tooth	NA	SRA	SRS1815291
Philips2017	2017	10.1186/s12864-020-06810-9	Niemcza	50.719	16.835	Poland	PCA0138	Homo sapiens	1000	10.1186/s12864-020-06810-9	oral	tooth	NA	SRA	SRS1815372
Philips2017	2017	10.1186/s12864-020-06810-9	Niemcza	50.719	16.835	Poland	PCA0139	Homo sapiens	1000	10.1186/s12864-020-06810-9	oral	tooth	NA	SRA	SRS1815393
Philips2017	2017	10.1186/s12864-020-06810-9	Niemcza	50.719	16.835	Poland	PCA0140	Homo sapiens	1000	10.1186/s12864-020-06810-9	oral	tooth	NA	SRA	SRS1815280
Philips2017	2017	10.1186/s12864-020-06810-9	Niemcza	50.719	16.835	Poland	PCA0141	Homo sapiens	1000	10.1186/s12864-020-06810-9	oral	tooth	NA	SRA	SRS1815376
Philips2017	2017	10.1186/s12864-020-06810-9	Niemcza	50.719	16.835	Poland	PCA0142	Homo sapiens	1000	10.1186/s12864-020-06810-9	oral	tooth	NA	SRA	SRS1815359
Philips2017	2017	10.1186/s12864-020-06810-9	Niemcza	50.719	16.835	Poland	PCA0143	Homo sapiens	1000	10.1186/s12864-020-06810-9	oral	tooth	NA	SRA	SRS1815419
Philips2017	2017	10.1186/s12864-020-06810-9	Niemcza	50.719	16.835	Poland	PCA0117	Homo sapiens	1000	10.1186/s12864-020-06810-9	oral	tooth	NA	SRA	SRS1815418
Philips2017	2017	10.1186/s12864-020-06810-9	Niemcza	50.719	16.835	Poland	PCA0144	Homo sapiens	1000	10.1186/s12864-020-06810-9	oral	tooth	NA	SRA	SRS1815379
Philips2017	2017	10.1186/s12864-020-06810-9	Niemcza	50.719	16.835	Poland	PCA0145	Homo sapiens	1000	10.1186/s12864-020-06810-9	oral	tooth	NA	SRA	SRS1815335
Philips2017	2017	10.1186/s12864-020-06810-9	Niemcza	50.719	16.835	Poland	PCA0146	Homo sapiens	1000	10.1186/s12864-020-06810-9	oral	tooth	NA	SRA	SRS1815292
Philips2017	2017	10.1186/s12864-020-06810-9	Niemcza	50.719	16.835	Poland	PCA0147	Homo sapiens	1000	10.1186/s12864-020-06810-9	oral	tooth	NA	SRA	SRS1815309
Philips2017	2017	10.1186/s12864-020-06810-9	Niemcza	50.719	16.835	Poland	PCA0148	Homo sapiens	1000	10.1186/s12864-020-06810-9	oral	tooth	NA	SRA	SRS1815272
Philips2017	2017	10.1186/s12864-020-06810-9	Niemcza	50.719	16.835	Poland	PCA0149	Homo sapiens	1000	10.1186/s12864-020-06810-9	oral	tooth	NA	SRA	SRS1815380
Philips2017	2017	10.1186/s12864-020-06810-9	Niemcza	50.719	16.835	Poland	PCA0150	Homo sapiens	1000	10.1186/s12864-020-06810-9	oral	tooth	NA	SRA	SRS1815275
Philips2017	2017	10.1186/s12864-020-06810-9	Niemcza	50.719	16.835	Poland	PCA0151	Homo sapiens	1000	10.1186/s12864-020-06810-9	oral	tooth	NA	SRA	SRS1815286
Philips2017	2017	10.1186/s12864-020-06810-9	Niemcza	50.719	16.835	Poland	PCA0118	Homo sapiens	1000	10.1186/s12864-020-06810-9	oral	tooth	NA	SRA	SRS1815343
Philips2017	2017	10.1186/s12864-020-06810-9	Niemcza	50.719	16.835	Poland	PCA0119	Homo sapiens	1000	10.1186/s12864-020-06810-9	oral	tooth	NA	SRA	SRS1815385
Philips2017	2017	10.1186/s12864-020-06810-9	Niemcza	50.719	16.835	Poland	PCA0120	Homo sapiens	1000	10.1186/s12864-020-06810-9	oral	tooth	NA	SRA	SRS1815434
Philips2017	2017	10.1186/s12864-020-06810-9	Niemcza	50.719	16.835	Poland	PCA0121	Homo sapiens	1000	10.1186/s12864-020-06810-9	oral	tooth	NA	SRA	SRS1815357
Philips2017	2017	10.1186/s12864-020-06810-9	Niemcza	50.719	16.835	Poland	PCA0122	Homo sapiens	1000	10.1186/s12864-020-06810-9	oral	tooth	NA	SRA	SRS1815384
Philips2017	2017	10.1186/s12864-020-06810-9	Niemcza	50.719	16.835	Poland	PCA0123	Homo sapiens	1000	10.1186/s12864-020-06810-9	oral	tooth	NA	SRA	SRS1815405
Philips2017	2017	10.1186/s12864-020-06810-9	Sowinki	52.211	16.893	Poland	PCA0067	Homo sapiens	900	10.1186/s12864-020-06810-9	oral	tooth	NA	SRA	SRS1815288
Philips2017	2017	10.1186/s12864-020-06810-9	Sowinki	52.211	16.893	Poland	PCA0076	Homo sapiens	900	10.1186/s12864-020-06810-9	oral	tooth	NA	SRA	SRS1815361
Philips2017	2017	10.1186/s12864-020-06810-9	Sowinki	52.211	16.893	Poland	PCA0077	Homo sapiens	900	10.1186/s12864-020-06810-9	oral	tooth	NA	SRA	SRS1815370
Philips2017	2017	10.1186/s12864-020-06810-9	Sowinki	52.211	16.893	Poland	PCA0078	Homo sapiens	900	10.1186/s12864-020-06810-9	oral	tooth	NA	SRA	SRS1815406
Philips2017	2017	10.1186/s12864-020-06810-9	Sowinki	52.211	16.893	Poland	PCA0079	Homo sapiens	900	10.1186/s12864-020-06810-9	oral	tooth	NA	SRA	SRS1815281
Philips2017	2017	10.1186/s12864-020-06810-9	Sowinki	52.211	16.893	Poland	PCA0080	Homo sapiens	900	10.1186/s12864-020-06810-9	oral	tooth	NA	SRA	SRS1815423
Philips2017	2017	10.1186/s12864-020-06810-9	Sowinki	52.211	16.893	Poland	PCA0081	Homo sapiens	900	10.1186/s12864-020-06810-9	oral	tooth	NA	SRA	SRS1815341
Philips2017	2017	10.1186/s12864-020-06810-9	Sowinki	52.211	16.893	Poland	PCA0082	Homo sapiens	900	10.1186/s12864-020-06810-9	oral	tooth	NA	SRA	SRS1815362
Philips2017	2017	10.1186/s12864-020-06810-9	Sowinki	52.211	16.893	Poland	PCA0083	Homo sapiens	900	10.1186/s12864-020-06810-9	oral	tooth	NA	SRA	SRS1815302
Philips2017	2017	10.1186/s12864-020-06810-9	Sowinki	52.211	16.893	Poland	PCA0084	Homo sapiens	900	10.1186/s12864-020-06810-9	oral	tooth	NA	SRA	SRS1815327
Philips2017	2017	10.1186/s12864-020-06810-9	Sowinki	52.211	16.893	Poland	PCA0085	Homo sapiens	900	10.1186/s12864-020-06810-9	oral	tooth	NA	SRA	SRS1815381
Philips2017	2017	10.1186/s12864-020-06810-9	Sowinki	52.211	16.893	Poland	PCA0068	Homo sapiens	900	10.1186/s12864-020-06810-9	oral	tooth	NA	SRA	SRS1815330
Philips2017	2017	10.1186/s12864-020-06810-9	Sowinki	52.211	16.893	Poland	PCA0086	Homo sapiens	900	10.1186/s12864-020-06810-9	oral	tooth	NA	SRA	SRS1815315
Philips2017	2017	10.1186/s12864-020-06810-9	Sowinki	52.211	16.893	Poland	PCA0087	Homo sapiens	900	10.1186/s12864-020-06810-9	oral	tooth	NA	SRA	SRS1815403
Philips2017	2017	10.1186/s12864-020-06810-9	Sowinki	52.211	16.893	Poland	PCA0069	Homo sapiens	900	10.1186/s12864-020-06810-9	oral	tooth	NA	SRA	SRS1815389
Philips2017	2017	10.1186/s12864-020-06810-9	Sowinki	52.211	16.893	Poland	PCA0070	Homo sapiens	900	10.1186/s12864-020-06810-9	oral	tooth	NA	SRA	SRS1815366
Philips2017	2017	10.1186/s12864-020-06810-9	Sowinki	52.211	16.893	Poland	PCA0071	Homo sapiens	900	10.1186/s12864-020-06810-9	oral	tooth	NA	SRA	SRS1815433
Philips2017	2017	10.1186/s12864-020-06810-9	Sowinki	52.211	16.893	Poland	PCA0072	Homo sapiens	900	10.1186/s12864-020-06810-9	oral	tooth	NA	SRA	SRS1815336
Philips2017	2017	10.1186/s12864-020-06810-9	Sowinki	52.211	16.893	Poland	PCA0073	Homo sapiens	900	10.1186/s12864-020-06810-9	oral	tooth	NA	SRA	SRS1815334
Philips2017	2017	10.1186/s12864-020-06810-9	Sowinki	52.211	16.893	Poland	PCA0074	Homo sapiens	900	10.1186/s12864-020-06810-9	oral	tooth	NA	SRA	SRS1815373
Philips2017	2017	10.1186/s12864-020-06810-9	Sowinki	52.211	16.893	Poland	PCA0075	Homo sapiens	900	10.1186/s12864-020-06810-9	oral	tooth	NA	SRA	SRS1815295
