project_name	publication_year	publication_doi	sample_name	archive	archive_project	archive_sample_accession	sequencing_center	library_name	strand_type	library_polymerase	library_treatment	library_concentration	instrument_model	library_layout	sequencing_cycles	library_strategy	read_count	archive_run_accession	download_links	download_md5s	download_sizes
Warinner2014	2014	10.1038/ng.2906	B61	SRA	PRJNA216965	SRS473742	University of Oklahoma	S1-Shot-B61-calc	double	T4,Phusion HS II	none	NA	Illumina HiSeq 2000	SINGLE	100	WGS	13228381	SRR957738	ftp.sra.ebi.ac.uk/vol1/fastq/SRR957/SRR957738/SRR957738.fastq.gz	9c40c43b5d455e760ae8db924347f0b2	953396663
Warinner2014	2014	10.1038/ng.2906	B61	SRA	PRJNA216965	SRS473743	University of Oklahoma	S2-Shot-B61-calc	double	T4,Phusion HS II	none	NA	Illumina HiSeq 2000	SINGLE	100	WGS	13260566	SRR957739	ftp.sra.ebi.ac.uk/vol1/fastq/SRR957/SRR957739/SRR957739.fastq.gz	dec1507f742de109529638bf00e0732f	1026825795
Warinner2014	2014	10.1038/ng.2906	B61	SRA	PRJNA216965	SRS473744	University of Oklahoma	S3-Shot-B61-calc	double	T4,Phusion HS II	none	NA	Illumina HiSeq 2000	SINGLE	100	WGS	8869866	SRR957740	ftp.sra.ebi.ac.uk/vol1/fastq/SRR957/SRR957740/SRR957740.fastq.gz	bc49c59f489b4009206f8abcb737d55d	661500786
Warinner2014	2014	10.1038/ng.2906	B61	SRA	PRJNA216965	SRS473745	University of Oklahoma	S4-Shot-B61-calc	double	T4,Phusion HS II	none	NA	Illumina HiSeq 2000	SINGLE	100	WGS	11275013	SRR957741	ftp.sra.ebi.ac.uk/vol1/fastq/SRR957/SRR957741/SRR957741.fastq.gz	e02e3549ddd3ba6dc278a7f573c07321	877360302
Warinner2014	2014	10.1038/ng.2906	G12	SRA	PRJNA216965	SRS473747	University of Oklahoma	S5-Shot-G12-calc	double	T4,Phusion HS II	none	NA	Illumina HiSeq 2000	SINGLE	100	WGS	8978974	SRR957742	ftp.sra.ebi.ac.uk/vol1/fastq/SRR957/SRR957742/SRR957742.fastq.gz	b7c620b8ee165c08bee204529341ca5b	690614774
Warinner2014	2014	10.1038/ng.2906	G12	SRA	PRJNA216965	SRS473746	University of Oklahoma	S6-Shot-G12-calc	double	T4,Phusion HS II	none	NA	Illumina HiSeq 2000	SINGLE	100	WGS	8999409	SRR957743	ftp.sra.ebi.ac.uk/vol1/fastq/SRR957/SRR957743/SRR957743.fastq.gz	375e6b988eeb02cd56bdc861f4225b7f	703180372
Warinner2014	2014	10.1038/ng.2906	G12	SRA	PRJNA216965	SRS473748	University of Oklahoma	S7-Shot-G12-calc	double	T4,Phusion HS II	none	NA	Illumina HiSeq 2000	SINGLE	100	WGS	10187301	SRR957744	ftp.sra.ebi.ac.uk/vol1/fastq/SRR957/SRR957744/SRR957744.fastq.gz	c26d00cc0bf3b30de1ab4e6e199dcf0d	792532808
Warinner2014	2014	10.1038/ng.2906	G12	SRA	PRJNA216965	SRS473749	University of Oklahoma	S8-Shot-G12-calc	double	T4,Phusion HS II	none	NA	Illumina HiSeq 2000	SINGLE	100	WGS	10087890	SRR957745	ftp.sra.ebi.ac.uk/vol1/fastq/SRR957/SRR957745/SRR957745.fastq.gz	1618b64b43195caa34c75dcf7b6c4c1c	791508690
Warinner2014	2014	10.1038/ng.2906	G12	SRA	PRJNA216965	SRS473750	University of Oklahoma	S9-Shot-G12-calc	double	T4,Phusion HS II	none	NA	Illumina HiSeq 2000	SINGLE	100	WGS	8790145	SRR957746	ftp.sra.ebi.ac.uk/vol1/fastq/SRR957/SRR957746/SRR957746.fastq.gz	ed6eb0036191e98d4394d8588f79e0fd	599757007
FellowsYates2021	2021	10.1073/pnas.2021655118	OME002.A	ENA	PRJEB34569	ERS3774378	Max Planck Institute for the Science of Human History	OME002.A0101	double	T4,Bst 2.0 DNA	none	279400000	NextSeq 500	PAIRED	76	WGS	13757101	ERR3579792	ftp.sra.ebi.ac.uk/vol1/fastq/ERR357/002/ERR3579792/ERR3579792_1.fastq.gz;ftp.sra.ebi.ac.uk/vol1/fastq/ERR357/002/ERR3579792/ERR3579792_2.fastq.gz	dba1029ca76e674d667209331baa93c6;f7fb4a1d866f206b64b89c14a9518ed5	535801175;542888506
FellowsYates2021	2021	10.1073/pnas.2021655118	OME002.A	ENA	PRJEB34569	ERS3774378	Max Planck Institute for the Science of Human History	OME002.A0102.SG1.1	double	T4,Bst 2.0 DNA	full-udg	NA	NextSeq 500	PAIRED	76	WGS	72745022	ERR3579793	ftp.sra.ebi.ac.uk/vol1/fastq/ERR357/003/ERR3579793/ERR3579793_1.fastq.gz;ftp.sra.ebi.ac.uk/vol1/fastq/ERR357/003/ERR3579793/ERR3579793_2.fastq.gz	6c7db2cfcbc7fc97d57d0f77e3304594;3f18645c80292c68f05a80976d8b43d8	2720999240;2954380939
FellowsYates2021	2021	10.1073/pnas.2021655118	OME003.A	ENA	PRJEB34569	ERS3774379	Max Planck Institute for the Science of Human History	OME003.A0101	double	T4,Bst 2.0 DNA	none	1300000000	NextSeq 500	PAIRED	76	WGS	13386028	ERR3579794	ftp.sra.ebi.ac.uk/vol1/fastq/ERR357/004/ERR3579794/ERR3579794_1.fastq.gz;ftp.sra.ebi.ac.uk/vol1/fastq/ERR357/004/ERR3579794/ERR3579794_2.fastq.gz	3503f84c0d4de09623b0016de0a78aff;b419512eacd0016867c90f871ccc7707	528491921;535223362
FellowsYates2021	2021	10.1073/pnas.2021655118	OME003.A	ENA	PRJEB34569	ERS3774379	Max Planck Institute for the Science of Human History	OME003.A0102.SG1.1	double	T4,Bst 2.0 DNA	full-udg	NA	NextSeq 500	PAIRED	76	WGS	83043597	ERR3579795	ftp.sra.ebi.ac.uk/vol1/fastq/ERR357/005/ERR3579795/ERR3579795_1.fastq.gz;ftp.sra.ebi.ac.uk/vol1/fastq/ERR357/005/ERR3579795/ERR3579795_2.fastq.gz	7d557d4e99c1b869ae1e8e55f40a31d2;bc50f1b820e58712f1188d3d5858791d	3327124133;3601287702
FellowsYates2021	2021	10.1073/pnas.2021655118	OME005.A	ENA	PRJEB34569	ERS3774380	Max Planck Institute for the Science of Human History	OME005.A0101	double	T4,Bst 2.0 DNA	none	75460000	NextSeq 500	PAIRED	76	WGS	8694068	ERR3579796	ftp.sra.ebi.ac.uk/vol1/fastq/ERR357/006/ERR3579796/ERR3579796_1.fastq.gz;ftp.sra.ebi.ac.uk/vol1/fastq/ERR357/006/ERR3579796/ERR3579796_2.fastq.gz	aa6d3f9b986a4efe7b8769dbdbcdd454;ea3e1df7b205d3bdbc80cd4edb02fa91	362406283;368700229
FellowsYates2021	2021	10.1073/pnas.2021655118	OME005.A	ENA	PRJEB34569	ERS3774380	Max Planck Institute for the Science of Human History	OME005.A0102.SG1.1	double	T4,Bst 2.0 DNA	full-udg	NA	NextSeq 500	PAIRED	76	WGS	148262734	ERR3579797	ftp.sra.ebi.ac.uk/vol1/fastq/ERR357/007/ERR3579797/ERR3579797_1.fastq.gz;ftp.sra.ebi.ac.uk/vol1/fastq/ERR357/007/ERR3579797/ERR3579797_2.fastq.gz	61d2b2f72f55d173bf4f13685c06cc9c;dca7acc2ad4ee0e30f3f2701a2a00145	5994031464;6400631696
FellowsYates2021	2021	10.1073/pnas.2021655118	OME007.A	ENA	PRJEB34569	ERS3774381	Max Planck Institute for the Science of Human History	OME007.A0101	double	T4,Bst 2.0 DNA	none	76000000	NextSeq 500	PAIRED	76	WGS	10574022	ERR3579798	ftp.sra.ebi.ac.uk/vol1/fastq/ERR357/008/ERR3579798/ERR3579798_1.fastq.gz;ftp.sra.ebi.ac.uk/vol1/fastq/ERR357/008/ERR3579798/ERR3579798_2.fastq.gz	9564e787aa39f0ac9c0d9abb203a5656;bd20d8b4cbb5ac8bda3492adeba08b35	433826493;440412286
FellowsYates2021	2021	10.1073/pnas.2021655118	OME009.A	ENA	PRJEB34569	ERS3774382	Max Planck Institute for the Science of Human History	OME009.A0101	double	T4,Bst 2.0 DNA	none	41700000	NextSeq 500	PAIRED	76	WGS	6757723	ERR3579799	ftp.sra.ebi.ac.uk/vol1/fastq/ERR357/009/ERR3579799/ERR3579799_1.fastq.gz;ftp.sra.ebi.ac.uk/vol1/fastq/ERR357/009/ERR3579799/ERR3579799_2.fastq.gz	0144a608c633ed453ebec71344b5bcc3;d1b71c944b4f13ef4b696861c1b7e401	282330148;286696842
FellowsYates2021	2021	10.1073/pnas.2021655118	MTK001.A	ENA	PRJEB34569	ERS3774383	Max Planck Institute for the Science of Human History	MTK001.A0101	double	T4,Bst 2.0 DNA	none	344125000	Illumina HiSeq 4000	SINGLE	NA	WGS	3778311	ERR3579679	ftp.sra.ebi.ac.uk/vol1/fastq/ERR357/009/ERR3579679/ERR3579679.fastq.gz	4e2f06deb4bfad6e344f1fda4b233e8c	135755822
FellowsYates2021	2021	10.1073/pnas.2021655118	MTK001.A	ENA	PRJEB34569	ERS3774383	Max Planck Institute for the Science of Human History	MTK001.A0101	double	T4,Bst 2.0 DNA	none	344125000	NextSeq 500	PAIRED	76	WGS	4699735	ERR3678178	ftp.sra.ebi.ac.uk/vol1/fastq/ERR367/008/ERR3678178/ERR3678178_1.fastq.gz;ftp.sra.ebi.ac.uk/vol1/fastq/ERR367/008/ERR3678178/ERR3678178_2.fastq.gz	e80760f83d9e4d03a8a8f92b1021ed79;e6a4844477120367a545f73601befadf	191785631;194847426
FellowsYates2021	2021	10.1073/pnas.2021655118	MTM001.A	ENA	PRJEB34569	ERS3774384	Max Planck Institute for the Science of Human History	MTM001.A0101	double	T4,Bst 2.0 DNA	none	2280000000	Illumina HiSeq 4000	PAIRED	76	WGS	4121365	ERR3579776	ftp.sra.ebi.ac.uk/vol1/fastq/ERR357/006/ERR3579776/ERR3579776_1.fastq.gz;ftp.sra.ebi.ac.uk/vol1/fastq/ERR357/006/ERR3579776/ERR3579776_2.fastq.gz	ef52324e1fb22ac52fbd0e53d171a559;4647af4ae0267d69e03998067f7a227e	138851343;139983306
FellowsYates2021	2021	10.1073/pnas.2021655118	MTM002.A	ENA	PRJEB34569	ERS3774385	Max Planck Institute for the Science of Human History	MTM002.A0101	double	T4,Bst 2.0 DNA	none	312000000	Illumina HiSeq 4000	PAIRED	76	WGS	3025310	ERR3579777	ftp.sra.ebi.ac.uk/vol1/fastq/ERR357/007/ERR3579777/ERR3579777_1.fastq.gz;ftp.sra.ebi.ac.uk/vol1/fastq/ERR357/007/ERR3579777/ERR3579777_2.fastq.gz	ebbd873aa29863349faebf93d94123fd;02ed45ef7424be5a74034bfda2852bc3	111635794;116021544
FellowsYates2021	2021	10.1073/pnas.2021655118	MTM003.A	ENA	PRJEB34569	ERS3774386	Max Planck Institute for the Science of Human History	MTM003.A0101	double	T4,Bst 2.0 DNA	none	477875000	Illumina HiSeq 4000	SINGLE	NA	WGS	15243084	ERR3579680	ftp.sra.ebi.ac.uk/vol1/fastq/ERR357/000/ERR3579680/ERR3579680.fastq.gz	4ae4682db213d9323d0ed3494e757d74	557257386
FellowsYates2021	2021	10.1073/pnas.2021655118	MTM003.A	ENA	PRJEB34569	ERS3774386	Max Planck Institute for the Science of Human History	MTM003.A0101	double	T4,Bst 2.0 DNA	none	477875000	NextSeq 500	PAIRED	76	WGS	21142596	ERR3678179	ftp.sra.ebi.ac.uk/vol1/fastq/ERR367/009/ERR3678179/ERR3678179_1.fastq.gz;ftp.sra.ebi.ac.uk/vol1/fastq/ERR367/009/ERR3678179/ERR3678179_2.fastq.gz	f56e2927d0a54d8d08ac2f98e5e857bd;7c7cd686cf56b02fcc55bc834187e044	866344899;879281042
FellowsYates2021	2021	10.1073/pnas.2021655118	MTM004.A	ENA	PRJEB34569	ERS3774387	Max Planck Institute for the Science of Human History	MTM004.A0101	double	T4,Bst 2.0 DNA	none	1270000000	Illumina HiSeq 4000	PAIRED	76	WGS	4623046	ERR3579778	ftp.sra.ebi.ac.uk/vol1/fastq/ERR357/008/ERR3579778/ERR3579778_1.fastq.gz;ftp.sra.ebi.ac.uk/vol1/fastq/ERR357/008/ERR3579778/ERR3579778_2.fastq.gz	a27e5ffa6088dc809be6f4256ab98e1e;9484ce45bfa680546bb3bb2389016088	148200558;147742091
FellowsYates2021	2021	10.1073/pnas.2021655118	MTM005.A	ENA	PRJEB34569	ERS3774388	Max Planck Institute for the Science of Human History	MTM005.A0101	double	T4,Bst 2.0 DNA	none	396000000	Illumina HiSeq 4000	PAIRED	76	WGS	3560157	ERR3579779	ftp.sra.ebi.ac.uk/vol1/fastq/ERR357/009/ERR3579779/ERR3579779_1.fastq.gz;ftp.sra.ebi.ac.uk/vol1/fastq/ERR357/009/ERR3579779/ERR3579779_2.fastq.gz	10f0daff900c9d1d6918004e838c822c;ba30e900190e824539a6fddf2fcee896	124036996;126815636
FellowsYates2021	2021	10.1073/pnas.2021655118	MTM006.A	ENA	PRJEB34569	ERS3774389	Max Planck Institute for the Science of Human History	MTM006.A0101	double	T4,Bst 2.0 DNA	none	493000000	Illumina HiSeq 4000	PAIRED	76	WGS	7335824	ERR3579780	ftp.sra.ebi.ac.uk/vol1/fastq/ERR357/000/ERR3579780/ERR3579780_1.fastq.gz;ftp.sra.ebi.ac.uk/vol1/fastq/ERR357/000/ERR3579780/ERR3579780_2.fastq.gz	ab5aa9807bb81b57039bd02cf799e792;0ba510498ba5a18e728bf77702379e27	249112488;250887380
FellowsYates2021	2021	10.1073/pnas.2021655118	MTM008.A	ENA	PRJEB34569	ERS3774390	Max Planck Institute for the Science of Human History	MTM008.A0101	double	T4,Bst 2.0 DNA	none	402000000	Illumina HiSeq 4000	PAIRED	76	WGS	5346234	ERR3579781	ftp.sra.ebi.ac.uk/vol1/fastq/ERR357/001/ERR3579781/ERR3579781_1.fastq.gz;ftp.sra.ebi.ac.uk/vol1/fastq/ERR357/001/ERR3579781/ERR3579781_2.fastq.gz	51995b43b850c886a69fe60a38d00ff5;0eca85191c841adc5fc80a2e6fc1fd7a	191256409;194903207
FellowsYates2021	2021	10.1073/pnas.2021655118	MTM009.A	ENA	PRJEB34569	ERS3774391	Max Planck Institute for the Science of Human History	MTM009.A0101	double	T4,Bst 2.0 DNA	none	164000000	Illumina HiSeq 4000	PAIRED	76	WGS	2596734	ERR3579782	ftp.sra.ebi.ac.uk/vol1/fastq/ERR357/002/ERR3579782/ERR3579782_1.fastq.gz;ftp.sra.ebi.ac.uk/vol1/fastq/ERR357/002/ERR3579782/ERR3579782_2.fastq.gz	f1706babfab421f7c72d5cc40575f488;5b3130a0f86c461c42d3d8a9e7e640eb	84621246;85114889
FellowsYates2021	2021	10.1073/pnas.2021655118	MTM009.A	ENA	PRJEB34569	ERS3774391	Max Planck Institute for the Science of Human History	MTM009.A0102	double	T4,Bst 2.0 DNA	full-udg	NA	NextSeq 500	PAIRED	76	WGS	178258886	ERR3579783	ftp.sra.ebi.ac.uk/vol1/fastq/ERR357/003/ERR3579783/ERR3579783_1.fastq.gz;ftp.sra.ebi.ac.uk/vol1/fastq/ERR357/003/ERR3579783/ERR3579783_2.fastq.gz	807d9806f6db0255205186767f09875e;67cc284105e2f447f49e7ab94ef17da3	5481187846;5794896227
FellowsYates2021	2021	10.1073/pnas.2021655118	MTM009.A	ENA	PRJEB34569	ERS3774391	Max Planck Institute for the Science of Human History	MTM009.A0102	double	T4,Bst 2.0 DNA	full-udg	NA	NextSeq 500	PAIRED	76	WGS	11810654	ERR3906046	ftp.sra.ebi.ac.uk/vol1/fastq/ERR390/006/ERR3906046/ERR3906046_1.fastq.gz;ftp.sra.ebi.ac.uk/vol1/fastq/ERR390/006/ERR3906046/ERR3906046_2.fastq.gz	98b620bd8fe45f1b770945c1386c0142;976f5daf2df190bbee683382ad741cba	386448826;390022868
FellowsYates2021	2021	10.1073/pnas.2021655118	MTM011.A	ENA	PRJEB34569	ERS3774392	Max Planck Institute for the Science of Human History	MTM011.A0101	double	T4,Bst 2.0 DNA	none	550900000	Illumina HiSeq 4000	SINGLE	NA	WGS	3602979	ERR3579682	ftp.sra.ebi.ac.uk/vol1/fastq/ERR357/002/ERR3579682/ERR3579682.fastq.gz	9b30c48575f99693a975546b0186457a	134607180
FellowsYates2021	2021	10.1073/pnas.2021655118	MTM011.A	ENA	PRJEB34569	ERS3774392	Max Planck Institute for the Science of Human History	MTM011.A0101	double	T4,Bst 2.0 DNA	none	550900000	NextSeq 500	PAIRED	76	WGS	4632094	ERR3678181	ftp.sra.ebi.ac.uk/vol1/fastq/ERR367/001/ERR3678181/ERR3678181_1.fastq.gz;ftp.sra.ebi.ac.uk/vol1/fastq/ERR367/001/ERR3678181/ERR3678181_2.fastq.gz	70bb4a857f2203161889fa05774c9863;49c2b393e9433c16e282b5e28908ec57	198921517;203707020
FellowsYates2021	2021	10.1073/pnas.2021655118	MTM012.A	ENA	PRJEB34569	ERS3774393	Max Planck Institute for the Science of Human History	MTM012.A0101	double	T4,Bst 2.0 DNA	none	747050000	Illumina HiSeq 4000	SINGLE	NA	WGS	4713268	ERR3579683	ftp.sra.ebi.ac.uk/vol1/fastq/ERR357/003/ERR3579683/ERR3579683.fastq.gz	79bbdace0536836e60b2898684d662e9	176066482
FellowsYates2021	2021	10.1073/pnas.2021655118	MTM012.A	ENA	PRJEB34569	ERS3774393	Max Planck Institute for the Science of Human History	MTM012.A0101	double	T4,Bst 2.0 DNA	none	747050000	NextSeq 500	PAIRED	76	WGS	6882063	ERR3678182	ftp.sra.ebi.ac.uk/vol1/fastq/ERR367/002/ERR3678182/ERR3678182_1.fastq.gz;ftp.sra.ebi.ac.uk/vol1/fastq/ERR367/002/ERR3678182/ERR3678182_2.fastq.gz	8116cd69212773cdf077085b486127eb;303f6093a1ee9ec26946035a8c9aa932	292070693;298052943
FellowsYates2021	2021	10.1073/pnas.2021655118	MTM013.A	ENA	PRJEB34569	ERS3774394	Max Planck Institute for the Science of Human History	MTM013.A0101	double	T4,Bst 2.0 DNA	none	238144550	Illumina HiSeq 4000	SINGLE	NA	WGS	3428641	ERR3579684	ftp.sra.ebi.ac.uk/vol1/fastq/ERR357/004/ERR3579684/ERR3579684.fastq.gz	7152ba3d0026c265e19df342c0452740	116112094
FellowsYates2021	2021	10.1073/pnas.2021655118	MTM013.A	ENA	PRJEB34569	ERS3774394	Max Planck Institute for the Science of Human History	MTM013.A0101	double	T4,Bst 2.0 DNA	none	238144550	NextSeq 500	PAIRED	76	WGS	4599951	ERR3678183	ftp.sra.ebi.ac.uk/vol1/fastq/ERR367/003/ERR3678183/ERR3678183_1.fastq.gz;ftp.sra.ebi.ac.uk/vol1/fastq/ERR367/003/ERR3678183/ERR3678183_2.fastq.gz	52e29388d2589675429ad41ce1ead097;c26a0006e64d77959753d9dc54bcdc87	175334261;177658467
FellowsYates2021	2021	10.1073/pnas.2021655118	MTS001.A	ENA	PRJEB34569	ERS3774395	Max Planck Institute for the Science of Human History	MTS001.A0101	double	T4,Bst 2.0 DNA	none	636400000	Illumina HiSeq 4000	SINGLE	NA	WGS	3237389	ERR3579685	ftp.sra.ebi.ac.uk/vol1/fastq/ERR357/005/ERR3579685/ERR3579685.fastq.gz	0ea6f2f482eef32ddbe8c5e03693ad80	110512885
FellowsYates2021	2021	10.1073/pnas.2021655118	MTS001.A	ENA	PRJEB34569	ERS3774395	Max Planck Institute for the Science of Human History	MTS001.A0101	double	T4,Bst 2.0 DNA	none	636400000	NextSeq 500	PAIRED	76	WGS	4197747	ERR3678184	ftp.sra.ebi.ac.uk/vol1/fastq/ERR367/004/ERR3678184/ERR3678184_1.fastq.gz;ftp.sra.ebi.ac.uk/vol1/fastq/ERR367/004/ERR3678184/ERR3678184_2.fastq.gz	ab16e8e735bfbc019edfb0d50fc11965;21ad92381033f577ff7a0d50ab2cb8ea	162019151;164428813
FellowsYates2021	2021	10.1073/pnas.2021655118	MTS002.A	ENA	PRJEB34569	ERS3774396	Max Planck Institute for the Science of Human History	MTS002.A0101	double	T4,Bst 2.0 DNA	none	1069750000	Illumina HiSeq 4000	SINGLE	NA	WGS	4366891	ERR3579686	ftp.sra.ebi.ac.uk/vol1/fastq/ERR357/006/ERR3579686/ERR3579686.fastq.gz	7fd96d3294e92a992070d4c9fed0e1ee	157895417
FellowsYates2021	2021	10.1073/pnas.2021655118	MTS002.A	ENA	PRJEB34569	ERS3774396	Max Planck Institute for the Science of Human History	MTS002.A0101	double	T4,Bst 2.0 DNA	none	1069750000	NextSeq 500	PAIRED	76	WGS	5820041	ERR3678185	ftp.sra.ebi.ac.uk/vol1/fastq/ERR367/005/ERR3678185/ERR3678185_1.fastq.gz;ftp.sra.ebi.ac.uk/vol1/fastq/ERR367/005/ERR3678185/ERR3678185_2.fastq.gz	1e2f50f661ce959cde58713c5ff85d05;f4061a6ac2832a164d52204f746172b8	239943359;246060699
FellowsYates2021	2021	10.1073/pnas.2021655118	MTS003.A	ENA	PRJEB34569	ERS3774397	Max Planck Institute for the Science of Human History	MTS003.A0101	double	T4,Bst 2.0 DNA	none	790800000	Illumina HiSeq 4000	SINGLE	NA	WGS	3209482	ERR3579687	ftp.sra.ebi.ac.uk/vol1/fastq/ERR357/007/ERR3579687/ERR3579687.fastq.gz	941972ac4e663bb89c4b96f7983c0dc9	111488362
FellowsYates2021	2021	10.1073/pnas.2021655118	MTS003.A	ENA	PRJEB34569	ERS3774397	Max Planck Institute for the Science of Human History	MTS003.A0101	double	T4,Bst 2.0 DNA	none	790800000	NextSeq 500	PAIRED	76	WGS	4704980	ERR3678186	ftp.sra.ebi.ac.uk/vol1/fastq/ERR367/006/ERR3678186/ERR3678186_1.fastq.gz;ftp.sra.ebi.ac.uk/vol1/fastq/ERR367/006/ERR3678186/ERR3678186_2.fastq.gz	742cf6c7567518ff2c60240b5d962695;d330178ef7f92d26213a3be9249d8a07	183535448;186259161
FellowsYates2021	2021	10.1073/pnas.2021655118	MTM010.A	ENA	PRJEB34569	ERS3774398	Max Planck Institute for the Science of Human History	MTM010.A0101	double	T4,Bst 2.0 DNA	none	468175000	Illumina HiSeq 4000	SINGLE	NA	WGS	3999181	ERR3579681	ftp.sra.ebi.ac.uk/vol1/fastq/ERR357/001/ERR3579681/ERR3579681.fastq.gz	72288f1096c6762b7331e0a5962ee02f	136553494
FellowsYates2021	2021	10.1073/pnas.2021655118	MTM010.A	ENA	PRJEB34569	ERS3774398	Max Planck Institute for the Science of Human History	MTM010.A0101	double	T4,Bst 2.0 DNA	none	468175000	NextSeq 500	PAIRED	76	WGS	5863584	ERR3678180	ftp.sra.ebi.ac.uk/vol1/fastq/ERR367/000/ERR3678180/ERR3678180_1.fastq.gz;ftp.sra.ebi.ac.uk/vol1/fastq/ERR367/000/ERR3678180/ERR3678180_2.fastq.gz	07979ccf3ccb68543c3474757778611c;9f663fa07b974aca97db2377bd9cdab4	224842590;228343395
FellowsYates2021	2021	10.1073/pnas.2021655118	ABM006.A	ENA	PRJEB34569	ERS3774399	Max Planck Institute for the Science of Human History	ABM006.A0101	double	T4,Bst 2.0 DNA	none	15730000	NextSeq 500	PAIRED	76	WGS	10520358	ERR3579699	ftp.sra.ebi.ac.uk/vol1/fastq/ERR357/009/ERR3579699/ERR3579699_1.fastq.gz;ftp.sra.ebi.ac.uk/vol1/fastq/ERR357/009/ERR3579699/ERR3579699_2.fastq.gz	c8e98d8f4ce4bf06aa3345e1382f2e76;169c0c2894f74945a5e22966edbd60b8	349216384;352264877
FellowsYates2021	2021	10.1073/pnas.2021655118	DJA002.A	ENA	PRJEB34569	ERS3774400	Max Planck Institute for the Science of Human History	DJA002.A0101	double	T4,Bst 2.0 DNA	none	13750000	NextSeq 500	PAIRED	76	WGS	15059172	ERR3579713	ftp.sra.ebi.ac.uk/vol1/fastq/ERR357/003/ERR3579713/ERR3579713_1.fastq.gz;ftp.sra.ebi.ac.uk/vol1/fastq/ERR357/003/ERR3579713/ERR3579713_2.fastq.gz	fb219e8065a3e449346af51438ac401d;d9dbc19c56ae644f715d9a58c2ecb813	503345646;509518100
FellowsYates2021	2021	10.1073/pnas.2021655118	DJA002.A	ENA	PRJEB34569	ERS3774400	Max Planck Institute for the Science of Human History	DJA002.A0102.SG1.1	double	T4,Bst 2.0 DNA	full-udg	NA	NextSeq 500	PAIRED	76	WGS	72709629	ERR3579714	ftp.sra.ebi.ac.uk/vol1/fastq/ERR357/004/ERR3579714/ERR3579714_1.fastq.gz;ftp.sra.ebi.ac.uk/vol1/fastq/ERR357/004/ERR3579714/ERR3579714_2.fastq.gz	aeaf42ffa78907bfd8f636d8885e69a4;1ac8d9cd0933087a8b7d29ed7e979046	2021858054;2105268737
FellowsYates2021	2021	10.1073/pnas.2021655118	EBO001.A	ENA	PRJEB34569	ERS3774401	Max Planck Institute for the Science of Human History	EBO001.A0101	double	T4,Bst 2.0 DNA	none	9444000	NextSeq 500	PAIRED	76	WGS	21728332	ERR3579721	ftp.sra.ebi.ac.uk/vol1/fastq/ERR357/001/ERR3579721/ERR3579721_1.fastq.gz;ftp.sra.ebi.ac.uk/vol1/fastq/ERR357/001/ERR3579721/ERR3579721_2.fastq.gz	2d3834d06ed0b764f7db6a2220517814;51f8eeeee3576bbbd2e455331efb914a	681123340;690855856
FellowsYates2021	2021	10.1073/pnas.2021655118	EBO003.A	ENA	PRJEB34569	ERS3774402	Max Planck Institute for the Science of Human History	EBO003.A0101	double	T4,Bst 2.0 DNA	none	2996000	NextSeq 500	PAIRED	76	WGS	26417324	ERR3579722	ftp.sra.ebi.ac.uk/vol1/fastq/ERR357/002/ERR3579722/ERR3579722_1.fastq.gz;ftp.sra.ebi.ac.uk/vol1/fastq/ERR357/002/ERR3579722/ERR3579722_2.fastq.gz	deff3ef923def5f0918a3d2b299db3a1;5d212c6b960e8fdf05ddc5a861473363	859563893;865785288
FellowsYates2021	2021	10.1073/pnas.2021655118	EBO003.A	ENA	PRJEB34569	ERS3774402	Max Planck Institute for the Science of Human History	EBO003.A0102.SG1.1	double	T4,Bst 2.0 DNA	full-udg	NA	NextSeq 500	PAIRED	76	WGS	81527100	ERR3579723	ftp.sra.ebi.ac.uk/vol1/fastq/ERR357/003/ERR3579723/ERR3579723_1.fastq.gz;ftp.sra.ebi.ac.uk/vol1/fastq/ERR357/003/ERR3579723/ERR3579723_2.fastq.gz	e4f59fef00b295347d5c734f9372ad10;fe7f5d043fed35edff97b23eaaea7e91	2313070262;2430928518
FellowsYates2021	2021	10.1073/pnas.2021655118	GDC002.A	ENA	PRJEB34569	ERS3774403	Max Planck Institute for the Science of Human History	GDC002.A0101	double	T4,Bst 2.0 DNA	none	23290000	NextSeq 500	PAIRED	76	WGS	14417587	ERR3579749	ftp.sra.ebi.ac.uk/vol1/fastq/ERR357/009/ERR3579749/ERR3579749_1.fastq.gz;ftp.sra.ebi.ac.uk/vol1/fastq/ERR357/009/ERR3579749/ERR3579749_2.fastq.gz	5a8f698ce0aeec76705cacad790f0e0b;33aec0d497d70a56a3e0a98f2f6ea40d	501368746;510719361
FellowsYates2021	2021	10.1073/pnas.2021655118	GDC004.A	ENA	PRJEB34569	ERS3774404	Max Planck Institute for the Science of Human History	GDC004.A0101	double	T4,Bst 2.0 DNA	none	29780000	NextSeq 500	PAIRED	76	WGS	13695715	ERR3579750	ftp.sra.ebi.ac.uk/vol1/fastq/ERR357/000/ERR3579750/ERR3579750_1.fastq.gz;ftp.sra.ebi.ac.uk/vol1/fastq/ERR357/000/ERR3579750/ERR3579750_2.fastq.gz	d523ea3f429d8dbd2e16af6c44a8a816;f15f6d6aadcdb5091ffe2dd11ac95677	503961923;515069313
FellowsYates2021	2021	10.1073/pnas.2021655118	GDC005.A	ENA	PRJEB34569	ERS3774405	Max Planck Institute for the Science of Human History	GDC005.A0101	double	T4,Bst 2.0 DNA	none	7032000	NextSeq 500	PAIRED	76	WGS	14950589	ERR3579751	ftp.sra.ebi.ac.uk/vol1/fastq/ERR357/001/ERR3579751/ERR3579751_1.fastq.gz;ftp.sra.ebi.ac.uk/vol1/fastq/ERR357/001/ERR3579751/ERR3579751_2.fastq.gz	afed9beeaa5f75b65ac2d34132e08198;edd01d8b8af0728311a02c08fd26e551	494138547;518754684
FellowsYates2021	2021	10.1073/pnas.2021655118	LOB001.A	ENA	PRJEB34569	ERS3774406	Max Planck Institute for the Science of Human History	LOB001.A0101	double	T4,Bst 2.0 DNA	none	96297500	Illumina HiSeq 4000	SINGLE	NA	WGS	3766065	ERR3579676	ftp.sra.ebi.ac.uk/vol1/fastq/ERR357/006/ERR3579676/ERR3579676.fastq.gz	4a48dec7d6cd5eef789a7e70bfcc734b	126181389
FellowsYates2021	2021	10.1073/pnas.2021655118	LOB001.A	ENA	PRJEB34569	ERS3774406	Max Planck Institute for the Science of Human History	LOB001.A0101	double	T4,Bst 2.0 DNA	none	96297500	NextSeq 500	PAIRED	76	WGS	5268430	ERR3678175	ftp.sra.ebi.ac.uk/vol1/fastq/ERR367/005/ERR3678175/ERR3678175_1.fastq.gz;ftp.sra.ebi.ac.uk/vol1/fastq/ERR367/005/ERR3678175/ERR3678175_2.fastq.gz	afc9f65d308cc8c61eb99a6bed42e186;e8a77f6421f659cb00f058f046438904	198298590;200725806
FellowsYates2021	2021	10.1073/pnas.2021655118	BIT001.A	ENA	PRJEB34569	ERS3774407	Max Planck Institute for the Science of Human History	BIT001.A0101	double	T4,Bst 2.0 DNA	none	640900000	NextSeq 500	PAIRED	76	WGS	17228347	ERR3579705	ftp.sra.ebi.ac.uk/vol1/fastq/ERR357/005/ERR3579705/ERR3579705_1.fastq.gz;ftp.sra.ebi.ac.uk/vol1/fastq/ERR357/005/ERR3579705/ERR3579705_2.fastq.gz	87851afd697022f6791859d4b202f3f5;a8aff3fc4c7f0d238dcb06b5c90a271c	650987364;662807128
FellowsYates2021	2021	10.1073/pnas.2021655118	BIT001.A	ENA	PRJEB34569	ERS3774407	Max Planck Institute for the Science of Human History	BIT001.A0101	double	T4,Bst 2.0 DNA	none	640900000	NextSeq 500	PAIRED	76	WGS	8142370	ERR3579706	ftp.sra.ebi.ac.uk/vol1/fastq/ERR357/006/ERR3579706/ERR3579706_1.fastq.gz;ftp.sra.ebi.ac.uk/vol1/fastq/ERR357/006/ERR3579706/ERR3579706_2.fastq.gz	db803e485765063fe021564ce2a6e840;5ba3a42678f482c78e79446cad435d98	298585200;301606732
FellowsYates2021	2021	10.1073/pnas.2021655118	FDM001.A	ENA	PRJEB34569	ERS3774408	Max Planck Institute for the Science of Human History	FDM001.A0101	double	T4,Bst 2.0 DNA	none	28760000	NextSeq 500	PAIRED	76	WGS	2982128	ERR3579743	ftp.sra.ebi.ac.uk/vol1/fastq/ERR357/003/ERR3579743/ERR3579743_1.fastq.gz;ftp.sra.ebi.ac.uk/vol1/fastq/ERR357/003/ERR3579743/ERR3579743_2.fastq.gz	331fe489719fdc6fcc24e904fecbf904;8e976a328be3471eddbeb71f4ca65c05	101670143;103306817
FellowsYates2021	2021	10.1073/pnas.2021655118	FDM001.A	ENA	PRJEB34569	ERS3774408	Max Planck Institute for the Science of Human History	FDM001.A0101	double	T4,Bst 2.0 DNA	none	28760000	NextSeq 500	PAIRED	76	WGS	2947442	ERR3579744	ftp.sra.ebi.ac.uk/vol1/fastq/ERR357/004/ERR3579744/ERR3579744_1.fastq.gz;ftp.sra.ebi.ac.uk/vol1/fastq/ERR357/004/ERR3579744/ERR3579744_2.fastq.gz	fac17d9a2f2b60a27064e9abf5a3e7db;6de061706c6e2b885a0074f38485e102	96946873;98110558
FellowsYates2021	2021	10.1073/pnas.2021655118	IBA001.A	ENA	PRJEB34569	ERS3774409	Max Planck Institute for the Science of Human History	IBA001.A0101	double	T4,Bst 2.0 DNA	none	105300000	NextSeq 500	PAIRED	76	WGS	9282523	ERR3579755	ftp.sra.ebi.ac.uk/vol1/fastq/ERR357/005/ERR3579755/ERR3579755_1.fastq.gz;ftp.sra.ebi.ac.uk/vol1/fastq/ERR357/005/ERR3579755/ERR3579755_2.fastq.gz	633ac5096f7836d66aee753616c47cbb;58820380a4a90b305001925a9d762479	344957044;362050969
FellowsYates2021	2021	10.1073/pnas.2021655118	IBA001.A	ENA	PRJEB34569	ERS3774409	Max Planck Institute for the Science of Human History	IBA001.A0101	double	T4,Bst 2.0 DNA	none	105300000	NextSeq 500	PAIRED	76	WGS	4314397	ERR3579756	ftp.sra.ebi.ac.uk/vol1/fastq/ERR357/006/ERR3579756/ERR3579756_1.fastq.gz;ftp.sra.ebi.ac.uk/vol1/fastq/ERR357/006/ERR3579756/ERR3579756_2.fastq.gz	bdc9cb8f6977808f4e2cc174d2d52b23;1d5e4562e5c76bc75c940e47a107c565	155064955;161106787
FellowsYates2021	2021	10.1073/pnas.2021655118	IBA002.A	ENA	PRJEB34569	ERS3774410	Max Planck Institute for the Science of Human History	IBA002.A0101	double	T4,Bst 2.0 DNA	none	302800000	NextSeq 500	PAIRED	76	WGS	12481244	ERR3579757	ftp.sra.ebi.ac.uk/vol1/fastq/ERR357/007/ERR3579757/ERR3579757_1.fastq.gz;ftp.sra.ebi.ac.uk/vol1/fastq/ERR357/007/ERR3579757/ERR3579757_2.fastq.gz	114260c923f6cdaaf28b10f9e5dd437f;b4101cfa3f96bfe2c0e58b9af9c95dcf	493292542;502631070
FellowsYates2021	2021	10.1073/pnas.2021655118	IBA002.A	ENA	PRJEB34569	ERS3774410	Max Planck Institute for the Science of Human History	IBA002.A0101	double	T4,Bst 2.0 DNA	none	302800000	NextSeq 500	PAIRED	76	WGS	7177283	ERR3579758	ftp.sra.ebi.ac.uk/vol1/fastq/ERR357/008/ERR3579758/ERR3579758_1.fastq.gz;ftp.sra.ebi.ac.uk/vol1/fastq/ERR357/008/ERR3579758/ERR3579758_2.fastq.gz	5b79a39d79165a857d9a4e7469acc40d;cb65cde9e3dafd5398a697a39015a8ea	273826756;277357413
FellowsYates2021	2021	10.1073/pnas.2021655118	WAL001.A	ENA	PRJEB34569	ERS3774411	Max Planck Institute for the Science of Human History	WAL001.A0101	double	T4,Bst 2.0 DNA	none	94630000	NextSeq 500	PAIRED	76	WGS	10599905	ERR3579828	ftp.sra.ebi.ac.uk/vol1/fastq/ERR357/008/ERR3579828/ERR3579828_1.fastq.gz;ftp.sra.ebi.ac.uk/vol1/fastq/ERR357/008/ERR3579828/ERR3579828_2.fastq.gz	13912ca73d67e2ab5c3c3fe9925f885d;67672890ab2200d929fcaa11972224b7	400701354;408736894
FellowsYates2021	2021	10.1073/pnas.2021655118	WAL001.A	ENA	PRJEB34569	ERS3774411	Max Planck Institute for the Science of Human History	WAL001.A0101	double	T4,Bst 2.0 DNA	none	94630000	NextSeq 500	PAIRED	76	WGS	4941616	ERR3579829	ftp.sra.ebi.ac.uk/vol1/fastq/ERR357/009/ERR3579829/ERR3579829_1.fastq.gz;ftp.sra.ebi.ac.uk/vol1/fastq/ERR357/009/ERR3579829/ERR3579829_2.fastq.gz	46cb770fae69350a55ab322aa74bfeb3;17aea6d8e8cff44ed99b7510f6d25585	180861811;183336940
FellowsYates2021	2021	10.1073/pnas.2021655118	CDC005.A	ENA	PRJEB34569	ERS3774412	Max Planck Institute for the Science of Human History	CDC005.A0101	double	T4,Bst 2.0 DNA	none	99490750	Illumina HiSeq 4000	SINGLE	NA	WGS	1993872	ERR3579671	ftp.sra.ebi.ac.uk/vol1/fastq/ERR357/001/ERR3579671/ERR3579671.fastq.gz	673e956e5a1393781a3d8e7a1ca2ab9d	66106298
FellowsYates2021	2021	10.1073/pnas.2021655118	CDC005.A	ENA	PRJEB34569	ERS3774412	Max Planck Institute for the Science of Human History	CDC005.A0101	double	T4,Bst 2.0 DNA	none	99490750	NextSeq 500	PAIRED	76	WGS	2668900	ERR3678173	ftp.sra.ebi.ac.uk/vol1/fastq/ERR367/003/ERR3678173/ERR3678173_1.fastq.gz;ftp.sra.ebi.ac.uk/vol1/fastq/ERR367/003/ERR3678173/ERR3678173_2.fastq.gz	067cbb4987bcd69e1a720d8b23ed2d72;714ae717fa34d67f3b1136e81cff7705	100031282;101162339
FellowsYates2021	2021	10.1073/pnas.2021655118	CDC006.A	ENA	PRJEB34569	ERS3774413	Max Planck Institute for the Science of Human History	CDC006.A0101	double	T4,Bst 2.0 DNA	none	189500000	NextSeq 500	PAIRED	76	WGS	17497169	ERR3579708	ftp.sra.ebi.ac.uk/vol1/fastq/ERR357/008/ERR3579708/ERR3579708_1.fastq.gz;ftp.sra.ebi.ac.uk/vol1/fastq/ERR357/008/ERR3579708/ERR3579708_2.fastq.gz	f9920ca719e3d2a1e9c1b87453da9c0a;885029c091a19de3515e7e50b63d046e	619671480;625789715
FellowsYates2021	2021	10.1073/pnas.2021655118	CDC007.A	ENA	PRJEB34569	ERS3774414	Max Planck Institute for the Science of Human History	CDC007.A0101	double	T4,Bst 2.0 DNA	none	26650000	NextSeq 500	PAIRED	76	WGS	20059203	ERR3579709	ftp.sra.ebi.ac.uk/vol1/fastq/ERR357/009/ERR3579709/ERR3579709_1.fastq.gz;ftp.sra.ebi.ac.uk/vol1/fastq/ERR357/009/ERR3579709/ERR3579709_2.fastq.gz	eab64b10d1c8e3ab1ba5fc1bc1b7ad00;b9a339dfd1f10be876286d316c1874fe	656694190;662446360
FellowsYates2021	2021	10.1073/pnas.2021655118	CDC008.A	ENA	PRJEB34569	ERS3774415	Max Planck Institute for the Science of Human History	CDC008.A0101	double	T4,Bst 2.0 DNA	none	21600000	NextSeq 500	PAIRED	76	WGS	17491258	ERR3579710	ftp.sra.ebi.ac.uk/vol1/fastq/ERR357/000/ERR3579710/ERR3579710_1.fastq.gz;ftp.sra.ebi.ac.uk/vol1/fastq/ERR357/000/ERR3579710/ERR3579710_2.fastq.gz	b13fae29bc9aec50fc3b33ca78208aec;b38eff6892ad43189250f97ff96fa9c6	602857249;615530450
FellowsYates2021	2021	10.1073/pnas.2021655118	CDC009.A	ENA	PRJEB34569	ERS3774416	Max Planck Institute for the Science of Human History	CDC009.A0101	double	T4,Bst 2.0 DNA	none	142600000	NextSeq 500	PAIRED	76	WGS	15558769	ERR3579711	ftp.sra.ebi.ac.uk/vol1/fastq/ERR357/001/ERR3579711/ERR3579711_1.fastq.gz;ftp.sra.ebi.ac.uk/vol1/fastq/ERR357/001/ERR3579711/ERR3579711_2.fastq.gz	ae3ae659eb14b18da3a6a00d29970bef;da6526482d189fbbc96c2c268f6eb3b0	572053283;579497303
FellowsYates2021	2021	10.1073/pnas.2021655118	CDC010.A	ENA	PRJEB34569	ERS3774417	Max Planck Institute for the Science of Human History	CDC010.A0101	double	T4,Bst 2.0 DNA	none	17840000	NextSeq 500	PAIRED	76	WGS	17791039	ERR3579712	ftp.sra.ebi.ac.uk/vol1/fastq/ERR357/002/ERR3579712/ERR3579712_1.fastq.gz;ftp.sra.ebi.ac.uk/vol1/fastq/ERR357/002/ERR3579712/ERR3579712_2.fastq.gz	e4adec693825ead3973d87888dbacf79;8ea536a4b47ad71073414cbe85aafd25	614385694;622383780
FellowsYates2021	2021	10.1073/pnas.2021655118	CDC011.A	ENA	PRJEB34569	ERS3774418	Max Planck Institute for the Science of Human History	CDC011.A0101	double	T4,Bst 2.0 DNA	none	176300000	Illumina HiSeq 4000	SINGLE	NA	WGS	4063605	ERR3579672	ftp.sra.ebi.ac.uk/vol1/fastq/ERR357/002/ERR3579672/ERR3579672.fastq.gz	e7b4e225220f2ab653f8738cc048a9cb	136536859
FellowsYates2021	2021	10.1073/pnas.2021655118	CDC011.A	ENA	PRJEB34569	ERS3774418	Max Planck Institute for the Science of Human History	CDC011.A0101	double	T4,Bst 2.0 DNA	none	176300000	NextSeq 500	PAIRED	76	WGS	5322480	ERR3678174	ftp.sra.ebi.ac.uk/vol1/fastq/ERR367/004/ERR3678174/ERR3678174_1.fastq.gz;ftp.sra.ebi.ac.uk/vol1/fastq/ERR367/004/ERR3678174/ERR3678174_2.fastq.gz	66dba0d3db4392adc8d09c24cdd3256a;31318186d70ed225b80e05fbe961f58e	202666228;204938204
FellowsYates2021	2021	10.1073/pnas.2021655118	KNP001.A	ENA	PRJEB34569	ERS3774419	Max Planck Institute for the Science of Human History	KNP001.A0101	double	T4,Bst 2.0 DNA	full-udg	NA	Illumina HiSeq 4000	PAIRED	76	WGS	143118425	ERR3579759	ftp.sra.ebi.ac.uk/vol1/fastq/ERR357/009/ERR3579759/ERR3579759_1.fastq.gz;ftp.sra.ebi.ac.uk/vol1/fastq/ERR357/009/ERR3579759/ERR3579759_2.fastq.gz	8053c99e93bbc71f91eccc28e4110d8b;c4a1a8fa42705b3dd529b0f310944af9	4855918598;5245609038
FellowsYates2021	2021	10.1073/pnas.2021655118	KNP001.A	ENA	PRJEB34569	ERS3774419	Max Planck Institute for the Science of Human History	KNP001.A0101	double	T4,Bst 2.0 DNA	full-udg	NA	Illumina HiSeq 4000	PAIRED	76	WGS	8130351	ERR3579760	ftp.sra.ebi.ac.uk/vol1/fastq/ERR357/000/ERR3579760/ERR3579760_1.fastq.gz;ftp.sra.ebi.ac.uk/vol1/fastq/ERR357/000/ERR3579760/ERR3579760_2.fastq.gz	5fd3782896dfced47408964da421b18b;04c79751c712cc417c33a957c4b0d9ae	288691034;306785651
FellowsYates2021	2021	10.1073/pnas.2021655118	KNP001.A	ENA	PRJEB34569	ERS3774419	Max Planck Institute for the Science of Human History	KNP001.A0102	double	T4,Bst 2.0 DNA	none	6934000000	NextSeq 500	PAIRED	76	WGS	15304688	ERR3579761	ftp.sra.ebi.ac.uk/vol1/fastq/ERR357/001/ERR3579761/ERR3579761_1.fastq.gz;ftp.sra.ebi.ac.uk/vol1/fastq/ERR357/001/ERR3579761/ERR3579761_2.fastq.gz	81437972aede2d9fb0b31bc63437445f;2b5ffa289930c03f50c987ba58808c81	638466115;645605530
FellowsYates2021	2021	10.1073/pnas.2021655118	KNP003.A	ENA	PRJEB34569	ERS3774420	Max Planck Institute for the Science of Human History	KNP003.A0102	double	T4,Bst 2.0 DNA	none	3244000000	NextSeq 500	PAIRED	76	WGS	9673313	ERR3579762	ftp.sra.ebi.ac.uk/vol1/fastq/ERR357/002/ERR3579762/ERR3579762_1.fastq.gz;ftp.sra.ebi.ac.uk/vol1/fastq/ERR357/002/ERR3579762/ERR3579762_2.fastq.gz	28e9f1874ca40cd8d64ad1f612f91c03;a19a2516cc6ef9b29669ccbf12a7f28f	390738914;408900618
FellowsYates2021	2021	10.1073/pnas.2021655118	KNP004.A	ENA	PRJEB34569	ERS3774421	Max Planck Institute for the Science of Human History	KNP004.A0101	double	T4,Bst 2.0 DNA	full-udg	NA	Illumina HiSeq 4000	PAIRED	76	WGS	230217693	ERR3579763	ftp.sra.ebi.ac.uk/vol1/fastq/ERR357/003/ERR3579763/ERR3579763_1.fastq.gz;ftp.sra.ebi.ac.uk/vol1/fastq/ERR357/003/ERR3579763/ERR3579763_2.fastq.gz	a424df94bdf9f8d6116518efd036bf5a;c11b1e2578585d802127aeece8778a4b	8089857022;8811602096
FellowsYates2021	2021	10.1073/pnas.2021655118	KNP004.A	ENA	PRJEB34569	ERS3774421	Max Planck Institute for the Science of Human History	KNP004.A0101	double	T4,Bst 2.0 DNA	full-udg	NA	Illumina HiSeq 4000	PAIRED	76	WGS	9696691	ERR3579764	ftp.sra.ebi.ac.uk/vol1/fastq/ERR357/004/ERR3579764/ERR3579764_1.fastq.gz;ftp.sra.ebi.ac.uk/vol1/fastq/ERR357/004/ERR3579764/ERR3579764_2.fastq.gz	7268bf0624f5bb911cc31ee8a75e8a58;c66da5de4b42aed1c7a137d26e77087e	358866139;389890859
FellowsYates2021	2021	10.1073/pnas.2021655118	KNP004.A	ENA	PRJEB34569	ERS3774421	Max Planck Institute for the Science of Human History	KNP004.A0102	double	T4,Bst 2.0 DNA	none	10620000000	NextSeq 500	PAIRED	76	WGS	173213	ERR3579765	ftp.sra.ebi.ac.uk/vol1/fastq/ERR357/005/ERR3579765/ERR3579765_1.fastq.gz;ftp.sra.ebi.ac.uk/vol1/fastq/ERR357/005/ERR3579765/ERR3579765_2.fastq.gz	a04cb8ae60590fcd84ac4b8fa410dfb6;34ad637268790652ad79a209337efd50	7437325;7510070
FellowsYates2021	2021	10.1073/pnas.2021655118	KNP005.A	ENA	PRJEB34569	ERS3774422	Max Planck Institute for the Science of Human History	KNP005.A0101	double	T4,Bst 2.0 DNA	full-udg	NA	NextSeq 500	SINGLE	NA	WGS	85352555	ERR3579675	ftp.sra.ebi.ac.uk/vol1/fastq/ERR357/005/ERR3579675/ERR3579675.fastq.gz	af3b5a6d47cac0acc5e735ca81a83168	4194207105
FellowsYates2021	2021	10.1073/pnas.2021655118	KNP005.A	ENA	PRJEB34569	ERS3774422	Max Planck Institute for the Science of Human History	KNP005.A0101	double	T4,Bst 2.0 DNA	full-udg	NA	Illumina HiSeq 4000	PAIRED	76	WGS	8414040	ERR3579766	ftp.sra.ebi.ac.uk/vol1/fastq/ERR357/006/ERR3579766/ERR3579766_1.fastq.gz;ftp.sra.ebi.ac.uk/vol1/fastq/ERR357/006/ERR3579766/ERR3579766_2.fastq.gz	a0bf0d8701a4a1683445238bf79eeb6f;e6ada0850db5f641ae5fea5478d169ea	310455390;337013712
FellowsYates2021	2021	10.1073/pnas.2021655118	KNP005.A	ENA	PRJEB34569	ERS3774422	Max Planck Institute for the Science of Human History	KNP005.A0102	double	T4,Bst 2.0 DNA	none	3601000000	NextSeq 500	PAIRED	76	WGS	9636879	ERR3579767	ftp.sra.ebi.ac.uk/vol1/fastq/ERR357/007/ERR3579767/ERR3579767_1.fastq.gz;ftp.sra.ebi.ac.uk/vol1/fastq/ERR357/007/ERR3579767/ERR3579767_2.fastq.gz	22b91100e2a53660d97c0718379d87b5;0a7e1a52cb49112a2b1b1377301fdf78	414284357;418013268
FellowsYates2021	2021	10.1073/pnas.2021655118	KNP006.A	ENA	PRJEB34569	ERS3774423	Max Planck Institute for the Science of Human History	KNP006.A0102	double	T4,Bst 2.0 DNA	none	1482000000	NextSeq 500	PAIRED	76	WGS	10908529	ERR3579768	ftp.sra.ebi.ac.uk/vol1/fastq/ERR357/008/ERR3579768/ERR3579768_1.fastq.gz;ftp.sra.ebi.ac.uk/vol1/fastq/ERR357/008/ERR3579768/ERR3579768_2.fastq.gz	5d86b3c1061fd5737e44e86846323a3f;5e9cf8505205fbb429b4208c1032928c	432617782;438760146
FellowsYates2021	2021	10.1073/pnas.2021655118	KNP007.A	ENA	PRJEB34569	ERS3774424	Max Planck Institute for the Science of Human History	KNP007.A0102	double	T4,Bst 2.0 DNA	none	4672000000	NextSeq 500	PAIRED	76	WGS	8260593	ERR3579769	ftp.sra.ebi.ac.uk/vol1/fastq/ERR357/009/ERR3579769/ERR3579769_1.fastq.gz;ftp.sra.ebi.ac.uk/vol1/fastq/ERR357/009/ERR3579769/ERR3579769_2.fastq.gz	03e3297506b116e1649ebb4609afe583;224bc810c912d5978e387b54483ecab2	354443526;359341096
FellowsYates2021	2021	10.1073/pnas.2021655118	KNP009.A	ENA	PRJEB34569	ERS3774425	Max Planck Institute for the Science of Human History	KNP009.A0101	double	T4,Bst 2.0 DNA	full-udg	NA	Illumina HiSeq 4000	PAIRED	76	WGS	104178023	ERR3579770	ftp.sra.ebi.ac.uk/vol1/fastq/ERR357/000/ERR3579770/ERR3579770_1.fastq.gz;ftp.sra.ebi.ac.uk/vol1/fastq/ERR357/000/ERR3579770/ERR3579770_2.fastq.gz	0a187957e5585ec404b0ef92b4731c65;b42866b8f65ec112acfbf0ddc99194f8	3740793449;4057427947
FellowsYates2021	2021	10.1073/pnas.2021655118	KNP009.A	ENA	PRJEB34569	ERS3774425	Max Planck Institute for the Science of Human History	KNP009.A0101	double	T4,Bst 2.0 DNA	full-udg	NA	Illumina HiSeq 4000	PAIRED	76	WGS	8379446	ERR3579771	ftp.sra.ebi.ac.uk/vol1/fastq/ERR357/001/ERR3579771/ERR3579771_1.fastq.gz;ftp.sra.ebi.ac.uk/vol1/fastq/ERR357/001/ERR3579771/ERR3579771_2.fastq.gz	1b830fb46c7da4d745ba746f42c0a4b7;56c4139e7c7ca51126ff0cc5f826c707	314336151;341825796
FellowsYates2021	2021	10.1073/pnas.2021655118	KNP009.A	ENA	PRJEB34569	ERS3774425	Max Planck Institute for the Science of Human History	KNP009.A0102	double	T4,Bst 2.0 DNA	none	12010000000	NextSeq 500	PAIRED	76	WGS	10037818	ERR3579772	ftp.sra.ebi.ac.uk/vol1/fastq/ERR357/002/ERR3579772/ERR3579772_1.fastq.gz;ftp.sra.ebi.ac.uk/vol1/fastq/ERR357/002/ERR3579772/ERR3579772_2.fastq.gz	d66e66c82fcfa7417836d5ade01415f7;562d135664072758500b9efdfe271d00	426744469;431736904
FellowsYates2021	2021	10.1073/pnas.2021655118	ABM007.A	ENA	PRJEB34569	ERS3774426	Max Planck Institute for the Science of Human History	ABM007.A0101	double	T4,Bst 2.0 DNA	none	54580000	NextSeq 500	PAIRED	76	WGS	9792317	ERR3579700	ftp.sra.ebi.ac.uk/vol1/fastq/ERR357/000/ERR3579700/ERR3579700_1.fastq.gz;ftp.sra.ebi.ac.uk/vol1/fastq/ERR357/000/ERR3579700/ERR3579700_2.fastq.gz	06fb8bd69f2828fbe9ba402ab66d2726;a95e2f7d04d80af4632160c863e3504a	340755598;345418643
FellowsYates2021	2021	10.1073/pnas.2021655118	ABM007.A	ENA	PRJEB34569	ERS3774426	Max Planck Institute for the Science of Human History	ABM007.A0101	double	T4,Bst 2.0 DNA	none	54580000	NextSeq 500	PAIRED	76	WGS	4749076	ERR3579701	ftp.sra.ebi.ac.uk/vol1/fastq/ERR357/001/ERR3579701/ERR3579701_1.fastq.gz;ftp.sra.ebi.ac.uk/vol1/fastq/ERR357/001/ERR3579701/ERR3579701_2.fastq.gz	24ffd53b5f351565dad0daf11a5ace83;f1046eeeb09f38d23f7b52984e70bf18	160692970;161933082
FellowsYates2021	2021	10.1073/pnas.2021655118	ABM008.A	ENA	PRJEB34569	ERS3774427	Max Planck Institute for the Science of Human History	ABM008.A0101	double	T4,Bst 2.0 DNA	none	23970000	NextSeq 500	PAIRED	76	WGS	3044721	ERR3579702	ftp.sra.ebi.ac.uk/vol1/fastq/ERR357/002/ERR3579702/ERR3579702_1.fastq.gz;ftp.sra.ebi.ac.uk/vol1/fastq/ERR357/002/ERR3579702/ERR3579702_2.fastq.gz	610fdee2e649ba064300bc9bff08f1bc;f3ad5faec3405761b440a9a7f972aaee	98745910;100809635
FellowsYates2021	2021	10.1073/pnas.2021655118	ABM008.A	ENA	PRJEB34569	ERS3774427	Max Planck Institute for the Science of Human History	ABM008.A0101	double	T4,Bst 2.0 DNA	none	23970000	NextSeq 500	PAIRED	76	WGS	3028481	ERR3579703	ftp.sra.ebi.ac.uk/vol1/fastq/ERR357/003/ERR3579703/ERR3579703_1.fastq.gz;ftp.sra.ebi.ac.uk/vol1/fastq/ERR357/003/ERR3579703/ERR3579703_2.fastq.gz	5271698157141418bcb8077ca4a08165;f547fedcf9b2de41304023ab773ae395	94964944;96141932
FellowsYates2021	2021	10.1073/pnas.2021655118	DJA006.A	ENA	PRJEB34569	ERS3774428	Max Planck Institute for the Science of Human History	DJA006.A0101	double	T4,Bst 2.0 DNA	none	96230000	NextSeq 500	PAIRED	76	WGS	12110615	ERR3579715	ftp.sra.ebi.ac.uk/vol1/fastq/ERR357/005/ERR3579715/ERR3579715_1.fastq.gz;ftp.sra.ebi.ac.uk/vol1/fastq/ERR357/005/ERR3579715/ERR3579715_2.fastq.gz	8e52c0a1d7ae19f35318e08287b047be;e68e2bc3e2f3fd1652e6005d060ad053	394416895;400134686
FellowsYates2021	2021	10.1073/pnas.2021655118	DJA006.A	ENA	PRJEB34569	ERS3774428	Max Planck Institute for the Science of Human History	DJA006.A0101	double	T4,Bst 2.0 DNA	none	96230000	NextSeq 500	PAIRED	76	WGS	4381307	ERR3579716	ftp.sra.ebi.ac.uk/vol1/fastq/ERR357/006/ERR3579716/ERR3579716_1.fastq.gz;ftp.sra.ebi.ac.uk/vol1/fastq/ERR357/006/ERR3579716/ERR3579716_2.fastq.gz	30a4d0c26e2c11ebfb3684a9a4d15e34;20a10171c7e6251e0f8afd4597e6e5ce	139738612;140805840
FellowsYates2021	2021	10.1073/pnas.2021655118	DJA007.A	ENA	PRJEB34569	ERS3774429	Max Planck Institute for the Science of Human History	DJA007.A0101	double	T4,Bst 2.0 DNA	none	202400000	NextSeq 500	PAIRED	76	WGS	13189140	ERR3579717	ftp.sra.ebi.ac.uk/vol1/fastq/ERR357/007/ERR3579717/ERR3579717_1.fastq.gz;ftp.sra.ebi.ac.uk/vol1/fastq/ERR357/007/ERR3579717/ERR3579717_2.fastq.gz	4a3d57bf0f532d2e48d194d536b381f7;e8a084d9421596ba303aa417f3f9886e	448556310;457410691
FellowsYates2021	2021	10.1073/pnas.2021655118	DJA007.A	ENA	PRJEB34569	ERS3774429	Max Planck Institute for the Science of Human History	DJA007.A0101	double	T4,Bst 2.0 DNA	none	202400000	NextSeq 500	PAIRED	76	WGS	6533442	ERR3579718	ftp.sra.ebi.ac.uk/vol1/fastq/ERR357/008/ERR3579718/ERR3579718_1.fastq.gz;ftp.sra.ebi.ac.uk/vol1/fastq/ERR357/008/ERR3579718/ERR3579718_2.fastq.gz	96d8465d1ba0115f00cad832368a33c0;b66dc5488a337212640b64e84c361aa7	216110867;218630609
FellowsYates2021	2021	10.1073/pnas.2021655118	EBO008.A	ENA	PRJEB34569	ERS3774430	Max Planck Institute for the Science of Human History	EBO008.A0101	double	T4,Bst 2.0 DNA	none	44640000	NextSeq 500	PAIRED	76	WGS	8832808	ERR3579724	ftp.sra.ebi.ac.uk/vol1/fastq/ERR357/004/ERR3579724/ERR3579724_1.fastq.gz;ftp.sra.ebi.ac.uk/vol1/fastq/ERR357/004/ERR3579724/ERR3579724_2.fastq.gz	9c942cfef71a5d9c11171e8076cdc859;ba06b51ae55a667a640ac4e6e5ea4163	312091036;318275292
FellowsYates2021	2021	10.1073/pnas.2021655118	EBO008.A	ENA	PRJEB34569	ERS3774430	Max Planck Institute for the Science of Human History	EBO008.A0101	double	T4,Bst 2.0 DNA	none	44640000	NextSeq 500	PAIRED	76	WGS	4108275	ERR3579725	ftp.sra.ebi.ac.uk/vol1/fastq/ERR357/005/ERR3579725/ERR3579725_1.fastq.gz;ftp.sra.ebi.ac.uk/vol1/fastq/ERR357/005/ERR3579725/ERR3579725_2.fastq.gz	6c18afd84b8638bae332db3469c7ef95;411d08fc7a00ce4ca62e80738b8b5755	141090450;142836993
FellowsYates2021	2021	10.1073/pnas.2021655118	EBO009.A	ENA	PRJEB34569	ERS3774431	Max Planck Institute for the Science of Human History	EBO009.A0101	double	T4,Bst 2.0 DNA	none	10240000	NextSeq 500	PAIRED	76	WGS	2222909	ERR3579726	ftp.sra.ebi.ac.uk/vol1/fastq/ERR357/006/ERR3579726/ERR3579726_1.fastq.gz;ftp.sra.ebi.ac.uk/vol1/fastq/ERR357/006/ERR3579726/ERR3579726_2.fastq.gz	a63e3dc791eea2d61158da32c8d1d150;f2613a4884c1f65f2662926ec4b0f3fe	74415056;75617945
FellowsYates2021	2021	10.1073/pnas.2021655118	EBO009.A	ENA	PRJEB34569	ERS3774431	Max Planck Institute for the Science of Human History	EBO009.A0101	double	T4,Bst 2.0 DNA	none	10240000	NextSeq 500	PAIRED	76	WGS	2085984	ERR3579727	ftp.sra.ebi.ac.uk/vol1/fastq/ERR357/007/ERR3579727/ERR3579727_1.fastq.gz;ftp.sra.ebi.ac.uk/vol1/fastq/ERR357/007/ERR3579727/ERR3579727_2.fastq.gz	2f6ebb9f0e6bf0ec095a4e56672a4a86;e47094624ccdb5520e99f66cfc081683	67452715;68044858
FellowsYates2021	2021	10.1073/pnas.2021655118	BAN001.A	ENA	PRJEB34569	ERS3774432	Max Planck Institute for the Science of Human History	BAN001.A0101	double	T4,Bst 2.0 DNA	none	941500	NextSeq 500	PAIRED	76	WGS	10691059	ERR3579704	ftp.sra.ebi.ac.uk/vol1/fastq/ERR357/004/ERR3579704/ERR3579704_1.fastq.gz;ftp.sra.ebi.ac.uk/vol1/fastq/ERR357/004/ERR3579704/ERR3579704_2.fastq.gz	2ae0d2b596bab3ffaecefb70da427751;053b09c04c184f390494b71546222f9a	437171233;446523162
FellowsYates2021	2021	10.1073/pnas.2021655118	FUM001.A	ENA	PRJEB34569	ERS3774433	Max Planck Institute for the Science of Human History	FUM001.A0101	double	T4,Bst 2.0 DNA	none	143100	NextSeq 500	PAIRED	76	WGS	17018984	ERR3579745	ftp.sra.ebi.ac.uk/vol1/fastq/ERR357/005/ERR3579745/ERR3579745_1.fastq.gz;ftp.sra.ebi.ac.uk/vol1/fastq/ERR357/005/ERR3579745/ERR3579745_2.fastq.gz	f22cc6c0a9dc974bcb1a6e4a7286bd20;b6035f5015c283936aca3288d38a35e6	631739337;642999490
FellowsYates2021	2021	10.1073/pnas.2021655118	FUM002.A	ENA	PRJEB34569	ERS3774434	Max Planck Institute for the Science of Human History	FUM002.A0101	double	T4,Bst 2.0 DNA	none	9432000	NextSeq 500	PAIRED	76	WGS	19683793	ERR3579746	ftp.sra.ebi.ac.uk/vol1/fastq/ERR357/006/ERR3579746/ERR3579746_1.fastq.gz;ftp.sra.ebi.ac.uk/vol1/fastq/ERR357/006/ERR3579746/ERR3579746_2.fastq.gz	c338125b8a1a077ddadb8a576b47fa1f;e55367bee341d2fc1e69ccc14cd82137	663619902;675575834
FellowsYates2021	2021	10.1073/pnas.2021655118	FUM002.A	ENA	PRJEB34569	ERS3774434	Max Planck Institute for the Science of Human History	FUM002.A0103.SG1.1	double	T4,Bst 2.0 DNA	full-udg	NA	NextSeq 500	PAIRED	76	WGS	30851841	ERR3579747	ftp.sra.ebi.ac.uk/vol1/fastq/ERR357/007/ERR3579747/ERR3579747_1.fastq.gz;ftp.sra.ebi.ac.uk/vol1/fastq/ERR357/007/ERR3579747/ERR3579747_2.fastq.gz	a71fff4a49e2e13df1ab64883860d3ce;8e422e267259aa1f7213f6301ca3703b	892199987;944315092
FellowsYates2021	2021	10.1073/pnas.2021655118	FUM003.A	ENA	PRJEB34569	ERS3774435	Max Planck Institute for the Science of Human History	FUM003.A0101	double	T4,Bst 2.0 DNA	none	1378000	NextSeq 500	PAIRED	76	WGS	17026195	ERR3579748	ftp.sra.ebi.ac.uk/vol1/fastq/ERR357/008/ERR3579748/ERR3579748_1.fastq.gz;ftp.sra.ebi.ac.uk/vol1/fastq/ERR357/008/ERR3579748/ERR3579748_2.fastq.gz	e4bfd4fae08908859ed680dc08f7df42;3a7a8b4e4fa8977b144cc4fd00493b08	682692989;694224038
FellowsYates2021	2021	10.1073/pnas.2021655118	GDN001.A	ENA	PRJEB34569	ERS3774436	Max Planck Institute for the Science of Human History	GDN001.A0101	double	T4,Bst 2.0 DNA	none	125700	NextSeq 500	PAIRED	76	WGS	17248442	ERR3579752	ftp.sra.ebi.ac.uk/vol1/fastq/ERR357/002/ERR3579752/ERR3579752_1.fastq.gz;ftp.sra.ebi.ac.uk/vol1/fastq/ERR357/002/ERR3579752/ERR3579752_2.fastq.gz	382aac58bb1bdd4f996453216d204a81;6519871a022c455f6f8b3dbd69d4fe86	645201258;645980611
FellowsYates2021	2021	10.1073/pnas.2021655118	GDN001.B	ENA	PRJEB34569	ERS3774437	Max Planck Institute for the Science of Human History	GDN001.B0101	double	T4,Bst 2.0 DNA	none	1016000	NextSeq 500	PAIRED	76	WGS	18199318	ERR3579753	ftp.sra.ebi.ac.uk/vol1/fastq/ERR357/003/ERR3579753/ERR3579753_1.fastq.gz;ftp.sra.ebi.ac.uk/vol1/fastq/ERR357/003/ERR3579753/ERR3579753_2.fastq.gz	628ef4e11651665942a740a1ba90eeff;7eddbc05499aa4f1aba6e179fcffa688	584335144;587414571
FellowsYates2021	2021	10.1073/pnas.2021655118	GOY005.A	ENA	PRJEB34569	ERS3774438	Max Planck Institute for the Science of Human History	GOY005.A0101	double	T4,Bst 2.0 DNA	none	29350000	NextSeq 500	SINGLE	NA	WGS	11004043	ERR3579673	ftp.sra.ebi.ac.uk/vol1/fastq/ERR357/003/ERR3579673/ERR3579673.fastq.gz	9ae999e619bd8c2c8fb5a47c3f052366	366529313
FellowsYates2021	2021	10.1073/pnas.2021655118	GOY005.A	ENA	PRJEB34569	ERS3774438	Max Planck Institute for the Science of Human History	GOY005.A0102	double	T4,Bst 2.0 DNA	full-udg	NA	NextSeq 500	SINGLE	NA	WGS	443150763	ERR3678727	ftp.sra.ebi.ac.uk/vol1/fastq/ERR367/007/ERR3678727/ERR3678727.fastq.gz	75211e78eefccbb8363b1e450b0e17cd	13138190513
FellowsYates2021	2021	10.1073/pnas.2021655118	GOY006.A	ENA	PRJEB34569	ERS3774439	Max Planck Institute for the Science of Human History	GOY006.A0101	double	T4,Bst 2.0 DNA	none	NA	NextSeq 500	SINGLE	NA	WGS	5539193	ERR3579674	ftp.sra.ebi.ac.uk/vol1/fastq/ERR357/004/ERR3579674/ERR3579674.fastq.gz	6d4695ac7ef7f4fdc7ebd446e7e68e0f	211810896
FellowsYates2021	2021	10.1073/pnas.2021655118	GUE001.A	ENA	PRJEB34569	ERS3774440	Max Planck Institute for the Science of Human History	GUE001.A0101	double	T4,Bst 2.0 DNA	none	188000	NextSeq 500	PAIRED	76	WGS	11361002	ERR3579754	ftp.sra.ebi.ac.uk/vol1/fastq/ERR357/004/ERR3579754/ERR3579754_1.fastq.gz;ftp.sra.ebi.ac.uk/vol1/fastq/ERR357/004/ERR3579754/ERR3579754_2.fastq.gz	78bd3c60eea51be9f5fd1623181b3f62;dda8d097552f6355c1572e235d1d986d	496179491;501893371
FellowsYates2021	2021	10.1073/pnas.2021655118	PES001.B	ENA	PRJEB34569	ERS3774441	Max Planck Institute for the Science of Human History	PES001.B0101	double	T4,Bst 2.0 DNA	none	10970000	Illumina HiSeq 4000	SINGLE	NA	WGS	12350535	ERR3579688	ftp.sra.ebi.ac.uk/vol1/fastq/ERR357/008/ERR3579688/ERR3579688.fastq.gz	6cfcf035b1d5df98e9b2729a9c36056c	552535250
FellowsYates2021	2021	10.1073/pnas.2021655118	PES001.B	ENA	PRJEB34569	ERS3774441	Max Planck Institute for the Science of Human History	PES001.B0103.SG1.1	double	T4,Bst 2.0 DNA	full-udg	NA	NextSeq 500	PAIRED	76	WGS	49864528	ERR3678187	ftp.sra.ebi.ac.uk/vol1/fastq/ERR367/007/ERR3678187/ERR3678187_1.fastq.gz;ftp.sra.ebi.ac.uk/vol1/fastq/ERR367/007/ERR3678187/ERR3678187_2.fastq.gz	4f15c284b016e021d6be86b5fbdfebca;ca0dbbb12dbc5809bc2cc8108f50c089	1827089454;2020953127
FellowsYates2021	2021	10.1073/pnas.2021655118	SPM001.A	ENA	PRJEB34569	ERS3774442	Max Planck Institute for the Science of Human History	SPM001.A0101	double	T4,Bst 2.0 DNA	none	272700	NextSeq 500	PAIRED	76	WGS	8929611	ERR3579807	ftp.sra.ebi.ac.uk/vol1/fastq/ERR357/007/ERR3579807/ERR3579807_1.fastq.gz;ftp.sra.ebi.ac.uk/vol1/fastq/ERR357/007/ERR3579807/ERR3579807_2.fastq.gz	d643115837ef4398b452d9909cd52de9;d07c9145107f3682c72d7e22e2d864ae	297464171;286345897
FellowsYates2021	2021	10.1073/pnas.2021655118	SPM002.A	ENA	PRJEB34569	ERS3774443	Max Planck Institute for the Science of Human History	SPM002.A0101	double	T4,Bst 2.0 DNA	none	110100	NextSeq 500	PAIRED	76	WGS	10691311	ERR3579808	ftp.sra.ebi.ac.uk/vol1/fastq/ERR357/008/ERR3579808/ERR3579808_1.fastq.gz;ftp.sra.ebi.ac.uk/vol1/fastq/ERR357/008/ERR3579808/ERR3579808_2.fastq.gz	2e51d7e9b2bfdfa76a0ac756d940425d;4a17395bf1df60663da92e82ed747818	499644279;511739693
FellowsYates2021	2021	10.1073/pnas.2021655118	VLD001.A	ENA	PRJEB34569	ERS3774444	Max Planck Institute for the Science of Human History	VLD001.A0101	double	T4,Bst 2.0 DNA	none	1246000	NextSeq 500	PAIRED	76	WGS	11791294	ERR3579827	ftp.sra.ebi.ac.uk/vol1/fastq/ERR357/007/ERR3579827/ERR3579827_1.fastq.gz;ftp.sra.ebi.ac.uk/vol1/fastq/ERR357/007/ERR3579827/ERR3579827_2.fastq.gz	f7989168c4ee295d0e99d9cd2f624256;a21504c7b7d814b9fc00c14763cbb766	439947807;454371623
FellowsYates2021	2021	10.1073/pnas.2021655118	ZAF001.A	ENA	PRJEB34569	ERS3774445	Max Planck Institute for the Science of Human History	ZAF001.A0101	double	T4,Bst 2.0 DNA	none	436500	NextSeq 500	PAIRED	76	WGS	15014082	ERR3579830	ftp.sra.ebi.ac.uk/vol1/fastq/ERR357/000/ERR3579830/ERR3579830_1.fastq.gz;ftp.sra.ebi.ac.uk/vol1/fastq/ERR357/000/ERR3579830/ERR3579830_2.fastq.gz	9d2974a36ab74c4a61416d36a06e36d7;f6bac06e11ded80d1cffb71a52ea9af0	516158435;522177344
FellowsYates2021	2021	10.1073/pnas.2021655118	OAK001.A	ENA	PRJEB34569	ERS3774446	Max Planck Institute for the Science of Human History	OAK001.A0101	double	T4,Bst 2.0 DNA	none	923900	NextSeq 500	PAIRED	76	WGS	18352049	ERR3579784	ftp.sra.ebi.ac.uk/vol1/fastq/ERR357/004/ERR3579784/ERR3579784_1.fastq.gz;ftp.sra.ebi.ac.uk/vol1/fastq/ERR357/004/ERR3579784/ERR3579784_2.fastq.gz	d87e5f58fe41de3c7fd59152a4bf6e94;bc8b8209b8d414eaf3f1dcae0583cc63	521403299;527421733
FellowsYates2021	2021	10.1073/pnas.2021655118	OAK002.A	ENA	PRJEB34569	ERS3774447	Max Planck Institute for the Science of Human History	OAK002.A0101	double	T4,Bst 2.0 DNA	none	34460000	NextSeq 500	PAIRED	76	WGS	17400404	ERR3579785	ftp.sra.ebi.ac.uk/vol1/fastq/ERR357/005/ERR3579785/ERR3579785_1.fastq.gz;ftp.sra.ebi.ac.uk/vol1/fastq/ERR357/005/ERR3579785/ERR3579785_2.fastq.gz	b4a1fc6d57a5e4e8ff230cfea6d71f42;24878e824e2971b96a75616090c63ad3	547378340;555062898
FellowsYates2021	2021	10.1073/pnas.2021655118	OAK002.A	ENA	PRJEB34569	ERS3774447	Max Planck Institute for the Science of Human History	OAK002.A0102.SG1.1	double	T4,Bst 2.0 DNA	full-udg	NA	NextSeq 500	PAIRED	76	WGS	109880028	ERR3579786	ftp.sra.ebi.ac.uk/vol1/fastq/ERR357/006/ERR3579786/ERR3579786_1.fastq.gz;ftp.sra.ebi.ac.uk/vol1/fastq/ERR357/006/ERR3579786/ERR3579786_2.fastq.gz	fb7f669182fa3be29a428b6ba9d4648c;5f5a781ea2debcbf5f783995362d2497	3009475182;3146053276
FellowsYates2021	2021	10.1073/pnas.2021655118	OAK003.A	ENA	PRJEB34569	ERS3774448	Max Planck Institute for the Science of Human History	OAK003.A0101	double	T4,Bst 2.0 DNA	none	255000000	NextSeq 500	PAIRED	76	WGS	18801683	ERR3579787	ftp.sra.ebi.ac.uk/vol1/fastq/ERR357/007/ERR3579787/ERR3579787_1.fastq.gz;ftp.sra.ebi.ac.uk/vol1/fastq/ERR357/007/ERR3579787/ERR3579787_2.fastq.gz	75e7c12bdee849dfd7d2bffce60be4d9;77cb37ce44ed2b690892a6026ae8bfe2	676064415;688614477
FellowsYates2021	2021	10.1073/pnas.2021655118	OAK004.A	ENA	PRJEB34569	ERS3774449	Max Planck Institute for the Science of Human History	OAK004.A0101	double	T4,Bst 2.0 DNA	none	14850000	NextSeq 500	PAIRED	76	WGS	17017373	ERR3579788	ftp.sra.ebi.ac.uk/vol1/fastq/ERR357/008/ERR3579788/ERR3579788_1.fastq.gz;ftp.sra.ebi.ac.uk/vol1/fastq/ERR357/008/ERR3579788/ERR3579788_2.fastq.gz	8ca70ae9640952c6df3e1874cfb9d8fc;9572c91cb58acb6bc8dcc3ea584845d2	562877291;576366208
FellowsYates2021	2021	10.1073/pnas.2021655118	OAK005.A	ENA	PRJEB34569	ERS3774450	Max Planck Institute for the Science of Human History	OAK005.A0101	double	T4,Bst 2.0 DNA	none	234100000	NextSeq 500	PAIRED	76	WGS	18685938	ERR3579789	ftp.sra.ebi.ac.uk/vol1/fastq/ERR357/009/ERR3579789/ERR3579789_1.fastq.gz;ftp.sra.ebi.ac.uk/vol1/fastq/ERR357/009/ERR3579789/ERR3579789_2.fastq.gz	b2e860bd6ce5531b83ef548673dc95d2;ac142cd082e01d3c2959698117e15f9e	661949218;678327891
FellowsYates2021	2021	10.1073/pnas.2021655118	OAK005.A	ENA	PRJEB34569	ERS3774450	Max Planck Institute for the Science of Human History	OAK005.A0102.SG1.1	double	T4,Bst 2.0 DNA	full-udg	NA	NextSeq 500	PAIRED	76	WGS	32526718	ERR3579790	ftp.sra.ebi.ac.uk/vol1/fastq/ERR357/000/ERR3579790/ERR3579790_1.fastq.gz;ftp.sra.ebi.ac.uk/vol1/fastq/ERR357/000/ERR3579790/ERR3579790_2.fastq.gz	84ca9853d19fe67ce7971419124ef5e2;65dbbe09db5dd12b37a8de5af9cadb51	1018811626;1091413867
FellowsYates2021	2021	10.1073/pnas.2021655118	TAF008.B	ENA	PRJEB34569	ERS3774451	Max Planck Institute for the Science of Human History	TAF008.B0101	double	T4,Bst 2.0 DNA	none	157600	NextSeq 500	PAIRED	76	WGS	13440295	ERR3579809	ftp.sra.ebi.ac.uk/vol1/fastq/ERR357/009/ERR3579809/ERR3579809_1.fastq.gz;ftp.sra.ebi.ac.uk/vol1/fastq/ERR357/009/ERR3579809/ERR3579809_2.fastq.gz	9a83da9e439685518ba8fa5a70b92576;121d9195b281d8ad3fa27a5c03392f66	467410964;476109330
FellowsYates2021	2021	10.1073/pnas.2021655118	TAF008.B	ENA	PRJEB34569	ERS3774451	Max Planck Institute for the Science of Human History	TAF008.B0102.SG1.1	double	T4,Bst 2.0 DNA	full-udg	NA	NextSeq 500	PAIRED	76	WGS	64465025	ERR3579810	ftp.sra.ebi.ac.uk/vol1/fastq/ERR357/000/ERR3579810/ERR3579810_1.fastq.gz;ftp.sra.ebi.ac.uk/vol1/fastq/ERR357/000/ERR3579810/ERR3579810_2.fastq.gz	bb007e38fccf752f885b3c1372d6de1f;59c48318b23ece71b79f06ee9c10c620	1885911623;2008773216
FellowsYates2021	2021	10.1073/pnas.2021655118	TAF016.B	ENA	PRJEB34569	ERS3774452	Max Planck Institute for the Science of Human History	TAF016.B0101	double	T4,Bst 2.0 DNA	none	10960	NextSeq 500	PAIRED	76	WGS	6018075	ERR3579811	ftp.sra.ebi.ac.uk/vol1/fastq/ERR357/001/ERR3579811/ERR3579811_1.fastq.gz;ftp.sra.ebi.ac.uk/vol1/fastq/ERR357/001/ERR3579811/ERR3579811_2.fastq.gz	88fcafef52bb2da6dd5a9670f34e14ad;0dd628ae869999c9f3179baea3107dbb	209789057;202924745
FellowsYates2021	2021	10.1073/pnas.2021655118	TAF017.A	ENA	PRJEB34569	ERS3774453	Max Planck Institute for the Science of Human History	TAF017.A0101	double	T4,Bst 2.0 DNA	none	16770	NextSeq 500	PAIRED	76	WGS	8867815	ERR3579812	ftp.sra.ebi.ac.uk/vol1/fastq/ERR357/002/ERR3579812/ERR3579812_1.fastq.gz;ftp.sra.ebi.ac.uk/vol1/fastq/ERR357/002/ERR3579812/ERR3579812_2.fastq.gz	7b0f55769ab2947b153e4624bb90f58c;c329d409405f785dd6be00155b3fe400	260081602;250494412
FellowsYates2021	2021	10.1073/pnas.2021655118	TAF017.C	ENA	PRJEB34569	ERS3774454	Max Planck Institute for the Science of Human History	TAF017.C0101	double	T4,Bst 2.0 DNA	none	11070000	NextSeq 500	PAIRED	76	WGS	3390842	ERR3579813	ftp.sra.ebi.ac.uk/vol1/fastq/ERR357/003/ERR3579813/ERR3579813_1.fastq.gz;ftp.sra.ebi.ac.uk/vol1/fastq/ERR357/003/ERR3579813/ERR3579813_2.fastq.gz	9bc07c56ba7f7f5e98dd273ef1c48815;c09a0c48105ff303775f774e67f1400b	106767925;108626831
FellowsYates2021	2021	10.1073/pnas.2021655118	TAF017.C	ENA	PRJEB34569	ERS3774454	Max Planck Institute for the Science of Human History	TAF017.C0101	double	T4,Bst 2.0 DNA	none	11070000	NextSeq 500	PAIRED	76	WGS	3369663	ERR3579814	ftp.sra.ebi.ac.uk/vol1/fastq/ERR357/004/ERR3579814/ERR3579814_1.fastq.gz;ftp.sra.ebi.ac.uk/vol1/fastq/ERR357/004/ERR3579814/ERR3579814_2.fastq.gz	968dc7ad14319e9fbd5e079b9b9a5a59;bf552bb0458de396055bc2492e76a22e	102348055;103421628
FellowsYates2021	2021	10.1073/pnas.2021655118	TAF017.E	ENA	PRJEB34569	ERS3774455	Max Planck Institute for the Science of Human History	TAF017.E0101	double	T4,Bst 2.0 DNA	none	146400	NextSeq 500	PAIRED	76	WGS	32412	ERR3579815	ftp.sra.ebi.ac.uk/vol1/fastq/ERR357/005/ERR3579815/ERR3579815_1.fastq.gz;ftp.sra.ebi.ac.uk/vol1/fastq/ERR357/005/ERR3579815/ERR3579815_2.fastq.gz	84b5641173bb104d33754e643c77ef0c;f38274c35f9ee16e511373e8d31259f3	1444301;1530595
FellowsYates2021	2021	10.1073/pnas.2021655118	TAF017.E	ENA	PRJEB34569	ERS3774455	Max Planck Institute for the Science of Human History	TAF017.E0101	double	T4,Bst 2.0 DNA	none	146400	NextSeq 500	PAIRED	76	WGS	31253	ERR3579816	ftp.sra.ebi.ac.uk/vol1/fastq/ERR357/006/ERR3579816/ERR3579816_1.fastq.gz;ftp.sra.ebi.ac.uk/vol1/fastq/ERR357/006/ERR3579816/ERR3579816_2.fastq.gz	f91113d8a1e377e0464dd2f3fed5be36;8c4aed3a04bcc1c04715597a03f78fc1	1342450;1413896
FellowsYates2021	2021	10.1073/pnas.2021655118	TAF018.A	ENA	PRJEB34569	ERS3774456	Max Planck Institute for the Science of Human History	TAF018.A0101	double	T4,Bst 2.0 DNA	none	31000	NextSeq 500	PAIRED	76	WGS	7815953	ERR3579817	ftp.sra.ebi.ac.uk/vol1/fastq/ERR357/007/ERR3579817/ERR3579817_1.fastq.gz;ftp.sra.ebi.ac.uk/vol1/fastq/ERR357/007/ERR3579817/ERR3579817_2.fastq.gz	9787c10d816b0c7759692e6d30399282;b2eb19e428db5a490961c0c7185e2b77	348606853;351583999
FellowsYates2021	2021	10.1073/pnas.2021655118	TAF018.B	ENA	PRJEB34569	ERS3774457	Max Planck Institute for the Science of Human History	TAF018.B0101	double	T4,Bst 2.0 DNA	none	50150	NextSeq 500	PAIRED	76	WGS	7520684	ERR3579818	ftp.sra.ebi.ac.uk/vol1/fastq/ERR357/008/ERR3579818/ERR3579818_1.fastq.gz;ftp.sra.ebi.ac.uk/vol1/fastq/ERR357/008/ERR3579818/ERR3579818_2.fastq.gz	88647343a37d989e3fd168d7497f808d;8d9a080b5403bb3b05b90959120ff317	275192331;278604862
FellowsYates2021	2021	10.1073/pnas.2021655118	ECO002.B	ENA	PRJEB34569	ERS3774458	Max Planck Institute for the Science of Human History	ECO002.B0101	double	T4,Bst 2.0 DNA	none	45540000	NextSeq 500	PAIRED	76	WGS	16398627	ERR3579728	ftp.sra.ebi.ac.uk/vol1/fastq/ERR357/008/ERR3579728/ERR3579728_1.fastq.gz;ftp.sra.ebi.ac.uk/vol1/fastq/ERR357/008/ERR3579728/ERR3579728_2.fastq.gz	97d6b535f3dc6b68fd7a989b16246513;a91ddd0cc8b740cb53d9311ffea3bde4	520828136;529883516
FellowsYates2021	2021	10.1073/pnas.2021655118	ECO002.B	ENA	PRJEB34569	ERS3774458	Max Planck Institute for the Science of Human History	ECO002.B0102.SG1.1	double	T4,Bst 2.0 DNA	full-udg	NA	NextSeq 500	PAIRED	76	WGS	53593426	ERR3579729	ftp.sra.ebi.ac.uk/vol1/fastq/ERR357/009/ERR3579729/ERR3579729_1.fastq.gz;ftp.sra.ebi.ac.uk/vol1/fastq/ERR357/009/ERR3579729/ERR3579729_2.fastq.gz	da58fa3e33dc8206308a3a21f11848c8;4f90e80ac4837449f143ccdb862fd840	1454385454;1520146186
FellowsYates2021	2021	10.1073/pnas.2021655118	ECO002.C	ENA	PRJEB34569	ERS3774459	Max Planck Institute for the Science of Human History	ECO002.C0101	double	T4,Bst 2.0 DNA	none	55360000	NextSeq 500	PAIRED	76	WGS	14038368	ERR3579730	ftp.sra.ebi.ac.uk/vol1/fastq/ERR357/000/ERR3579730/ERR3579730_1.fastq.gz;ftp.sra.ebi.ac.uk/vol1/fastq/ERR357/000/ERR3579730/ERR3579730_2.fastq.gz	8451686bb990e7494e80d8ece2696286;00428aead785f2bf931cdbe7dcbd2cd9	456780619;461184744
FellowsYates2021	2021	10.1073/pnas.2021655118	ECO004.B	ENA	PRJEB34569	ERS3774460	Max Planck Institute for the Science of Human History	ECO004.B0101	double	T4,Bst 2.0 DNA	none	5760000	NextSeq 500	PAIRED	76	WGS	13625140	ERR3579731	ftp.sra.ebi.ac.uk/vol1/fastq/ERR357/001/ERR3579731/ERR3579731_1.fastq.gz;ftp.sra.ebi.ac.uk/vol1/fastq/ERR357/001/ERR3579731/ERR3579731_2.fastq.gz	700fa69f48b2d3dc357b754fabcfb37c;c2e0dd53c5b20050547b9c951f23e053	453262034;459185939
FellowsYates2021	2021	10.1073/pnas.2021655118	ECO004.B	ENA	PRJEB34569	ERS3774460	Max Planck Institute for the Science of Human History	ECO004.B0103.SG1.1	double	T4,Bst 2.0 DNA	full-udg	NA	NextSeq 500	PAIRED	76	WGS	67123133	ERR3579732	ftp.sra.ebi.ac.uk/vol1/fastq/ERR357/002/ERR3579732/ERR3579732_1.fastq.gz;ftp.sra.ebi.ac.uk/vol1/fastq/ERR357/002/ERR3579732/ERR3579732_2.fastq.gz	13e271722e81c35f60a6e10230e765df;0d3f6d13b0652f6d785ace72cab1bc35	2098395811;2295204618
FellowsYates2021	2021	10.1073/pnas.2021655118	ECO004.C	ENA	PRJEB34569	ERS3774461	Max Planck Institute for the Science of Human History	ECO004.C0101	double	T4,Bst 2.0 DNA	none	5088000	NextSeq 500	PAIRED	76	WGS	12486390	ERR3579733	ftp.sra.ebi.ac.uk/vol1/fastq/ERR357/003/ERR3579733/ERR3579733_1.fastq.gz;ftp.sra.ebi.ac.uk/vol1/fastq/ERR357/003/ERR3579733/ERR3579733_2.fastq.gz	308650c16beb1fa4648bcf56ed56ec72;4e90635dcfce9be8f625d9d883de3765	410870630;421746474
FellowsYates2021	2021	10.1073/pnas.2021655118	ECO006.B	ENA	PRJEB34569	ERS3774462	Max Planck Institute for the Science of Human History	ECO006.B0101	double	T4,Bst 2.0 DNA	none	5513000	NextSeq 500	PAIRED	76	WGS	12187013	ERR3579734	ftp.sra.ebi.ac.uk/vol1/fastq/ERR357/004/ERR3579734/ERR3579734_1.fastq.gz;ftp.sra.ebi.ac.uk/vol1/fastq/ERR357/004/ERR3579734/ERR3579734_2.fastq.gz	84628a52fe7a01fbc01872d45dbfbb92;9671a3d7cbf2c79273b86551d0b84db9	455015557;482097267
FellowsYates2021	2021	10.1073/pnas.2021655118	ECO010.B	ENA	PRJEB34569	ERS3774463	Max Planck Institute for the Science of Human History	ECO010.B0101	double	T4,Bst 2.0 DNA	none	148700000	NextSeq 500	PAIRED	76	WGS	15224970	ERR3579735	ftp.sra.ebi.ac.uk/vol1/fastq/ERR357/005/ERR3579735/ERR3579735_1.fastq.gz;ftp.sra.ebi.ac.uk/vol1/fastq/ERR357/005/ERR3579735/ERR3579735_2.fastq.gz	97ca35b27c8583844b644b4845421144;2d774aae6b08373138b90c389b8abb29	488834812;521644331
FellowsYates2021	2021	10.1073/pnas.2021655118	EMN001.A	ENA	PRJEB34569	ERS3774464	Max Planck Institute for the Science of Human History	EMN001.A0101	double	T4,Bst 2.0 DNA	none	17440000	NextSeq 500	PAIRED	76	WGS	13336606	ERR3579736	ftp.sra.ebi.ac.uk/vol1/fastq/ERR357/006/ERR3579736/ERR3579736_1.fastq.gz;ftp.sra.ebi.ac.uk/vol1/fastq/ERR357/006/ERR3579736/ERR3579736_2.fastq.gz	2808b294826750238bcafc65baf861e7;c03a876bec28d9f83e1a32f455ac8955	533437937;543386208
FellowsYates2021	2021	10.1073/pnas.2021655118	EMN001.A	ENA	PRJEB34569	ERS3774464	Max Planck Institute for the Science of Human History	EMN001.A0102.SG1.1	double	T4,Bst 2.0 DNA	full-udg	NA	NextSeq 500	PAIRED	76	WGS	104472100	ERR3579737	ftp.sra.ebi.ac.uk/vol1/fastq/ERR357/007/ERR3579737/ERR3579737_1.fastq.gz;ftp.sra.ebi.ac.uk/vol1/fastq/ERR357/007/ERR3579737/ERR3579737_2.fastq.gz	dad0df76a5ec56e1513ce35d45d0e20b;19969ad275af0120415be43931126756	3712426793;4020675446
FellowsYates2021	2021	10.1073/pnas.2021655118	MOA001.A	ENA	PRJEB34569	ERS3774465	Max Planck Institute for the Science of Human History	MOA001.A0101	double	T4,Bst 2.0 DNA	none	149905000	NextSeq 500	SINGLE	NA	WGS	1240487	ERR3579677	ftp.sra.ebi.ac.uk/vol1/fastq/ERR357/007/ERR3579677/ERR3579677.fastq.gz	b6f352b891bc2857b98278c3f633e18e	52266910
FellowsYates2021	2021	10.1073/pnas.2021655118	MOA001.A	ENA	PRJEB34569	ERS3774465	Max Planck Institute for the Science of Human History	MOA001.A0102	double	T4,Bst 2.0 DNA	none	NA	NextSeq 500	SINGLE	NA	WGS	1599129	ERR3579678	ftp.sra.ebi.ac.uk/vol1/fastq/ERR357/008/ERR3579678/ERR3579678.fastq.gz	88e50ceaae8ead3331cac8055b851f97	65118053
FellowsYates2021	2021	10.1073/pnas.2021655118	MOA001.A	ENA	PRJEB34569	ERS3774465	Max Planck Institute for the Science of Human History	MOA001.A0101	double	T4,Bst 2.0 DNA	none	NA	NextSeq 500	PAIRED	76	WGS	5204101	ERR3678176	ftp.sra.ebi.ac.uk/vol1/fastq/ERR367/006/ERR3678176/ERR3678176_1.fastq.gz;ftp.sra.ebi.ac.uk/vol1/fastq/ERR367/006/ERR3678176/ERR3678176_2.fastq.gz	5668ea23e02fb28069d058006fae1555;87ba4b7388f0c6e3bd81f83dea2aa0f0	218659792;221613248
FellowsYates2021	2021	10.1073/pnas.2021655118	MOA001.A	ENA	PRJEB34569	ERS3774465	Max Planck Institute for the Science of Human History	MOA001.A0102	double	T4,Bst 2.0 DNA	none	NA	NextSeq 500	PAIRED	76	WGS	6760688	ERR3678177	ftp.sra.ebi.ac.uk/vol1/fastq/ERR367/007/ERR3678177/ERR3678177_1.fastq.gz;ftp.sra.ebi.ac.uk/vol1/fastq/ERR367/007/ERR3678177/ERR3678177_2.fastq.gz	5b0669a371a5a8bbd4ef12d1f4fd9e9e;b02bd83f0c892f037b4c84cad09a1042	274209971;278591113
FellowsYates2021	2021	10.1073/pnas.2021655118	DLV001.A	ENA	PRJEB34569	ERS3774466	Max Planck Institute for the Science of Human History	DLV001.A0101	double	T4,Bst 2.0 DNA	none	9064000	NextSeq 500	PAIRED	76	WGS	6764741	ERR3579719	ftp.sra.ebi.ac.uk/vol1/fastq/ERR357/009/ERR3579719/ERR3579719_1.fastq.gz;ftp.sra.ebi.ac.uk/vol1/fastq/ERR357/009/ERR3579719/ERR3579719_2.fastq.gz	ebce3d13afdc4fcb3482a2c5a39757d6;c5e3b7823a448a5b451a06e8084f8116	267785146;271708344
FellowsYates2021	2021	10.1073/pnas.2021655118	DLV002.A	ENA	PRJEB34569	ERS3774467	Max Planck Institute for the Science of Human History	DLV002.A0101	double	T4,Bst 2.0 DNA	none	407200	NextSeq 500	PAIRED	76	WGS	79655	ERR3579720	ftp.sra.ebi.ac.uk/vol1/fastq/ERR357/000/ERR3579720/ERR3579720_1.fastq.gz;ftp.sra.ebi.ac.uk/vol1/fastq/ERR357/000/ERR3579720/ERR3579720_2.fastq.gz	97a6f7819f20339c434f6c078079f0d4;d981fe97f3473518043b0376bb444b95	3432525;3460217
FellowsYates2021	2021	10.1073/pnas.2021655118	OFN001.A	ENA	PRJEB34569	ERS3774468	Max Planck Institute for the Science of Human History	OFN001.A0101	double	T4,Bst 2.0 DNA	none	28950000	NextSeq 500	PAIRED	76	WGS	13841557	ERR3579791	ftp.sra.ebi.ac.uk/vol1/fastq/ERR357/001/ERR3579791/ERR3579791_1.fastq.gz;ftp.sra.ebi.ac.uk/vol1/fastq/ERR357/001/ERR3579791/ERR3579791_2.fastq.gz	e935af5533500a9286b162e6c4b4671b;d4f65992c3f5e96c044dc1e97fae4097	483615120;513795848
FellowsYates2021	2021	10.1073/pnas.2021655118	PLV001.A	ENA	PRJEB34569	ERS3774469	Max Planck Institute for the Science of Human History	PLV001.A0101	double	T4,Bst 2.0 DNA	none	5603000	NextSeq 500	PAIRED	76	WGS	12609185	ERR3579800	ftp.sra.ebi.ac.uk/vol1/fastq/ERR357/000/ERR3579800/ERR3579800_1.fastq.gz;ftp.sra.ebi.ac.uk/vol1/fastq/ERR357/000/ERR3579800/ERR3579800_2.fastq.gz	6015c9bfeeba0e151b7d991ba0abce58;b8f291c1f8da9e9868f4189c4bf960af	453838779;458745561
FellowsYates2021	2021	10.1073/pnas.2021655118	RIG001.A	ENA	PRJEB34569	ERS3774470	Max Planck Institute for the Science of Human History	RIG001.A0101	double	T4,Bst 2.0 DNA	none	3006000	NextSeq 500	PAIRED	76	WGS	29080529	ERR3579806	ftp.sra.ebi.ac.uk/vol1/fastq/ERR357/006/ERR3579806/ERR3579806_1.fastq.gz;ftp.sra.ebi.ac.uk/vol1/fastq/ERR357/006/ERR3579806/ERR3579806_2.fastq.gz	2a6c62f5c5b51aafd08374400ae2ae16;b62515426f989d0bdeec2bda6fcc1459	1003163723;1016037217
FellowsYates2021	2021	10.1073/pnas.2021655118	ESA003.A	ENA	PRJEB34569	ERS3774471	Max Planck Institute for the Science of Human History	ESA003.A0101	double	T4,Bst 2.0 DNA	none	218600000	NextSeq 500	PAIRED	76	WGS	10641004	ERR3579738	ftp.sra.ebi.ac.uk/vol1/fastq/ERR357/008/ERR3579738/ERR3579738_1.fastq.gz;ftp.sra.ebi.ac.uk/vol1/fastq/ERR357/008/ERR3579738/ERR3579738_2.fastq.gz	c34ab7c1fc2501daae2e619e2abf20c2;32b93c0b322a7dd745de2fcbb38cf0d8	390419064;393436164
FellowsYates2021	2021	10.1073/pnas.2021655118	ESA004.A	ENA	PRJEB34569	ERS3774472	Max Planck Institute for the Science of Human History	ESA004.A0101	double	T4,Bst 2.0 DNA	none	299800000	NextSeq 500	PAIRED	76	WGS	9254795	ERR3579739	ftp.sra.ebi.ac.uk/vol1/fastq/ERR357/009/ERR3579739/ERR3579739_1.fastq.gz;ftp.sra.ebi.ac.uk/vol1/fastq/ERR357/009/ERR3579739/ERR3579739_2.fastq.gz	a43d794c4c701cedac28bd54df15d01e;533ad2655eae932972a67f30db89c028	298342753;299940891
FellowsYates2021	2021	10.1073/pnas.2021655118	ESA006.A	ENA	PRJEB34569	ERS3774473	Max Planck Institute for the Science of Human History	ESA006.A0101	double	T4,Bst 2.0 DNA	none	139500000	NextSeq 500	PAIRED	76	WGS	12254858	ERR3579740	ftp.sra.ebi.ac.uk/vol1/fastq/ERR357/000/ERR3579740/ERR3579740_1.fastq.gz;ftp.sra.ebi.ac.uk/vol1/fastq/ERR357/000/ERR3579740/ERR3579740_2.fastq.gz	19c372f4086e255b9befe55259d6aba0;8781bfd6d894824a42d8cc6b487618a0	441328853;473363030
FellowsYates2021	2021	10.1073/pnas.2021655118	ESA007.A	ENA	PRJEB34569	ERS3774474	Max Planck Institute for the Science of Human History	ESA007.A0101	double	T4,Bst 2.0 DNA	none	1072000000	NextSeq 500	PAIRED	76	WGS	10499367	ERR3579741	ftp.sra.ebi.ac.uk/vol1/fastq/ERR357/001/ERR3579741/ERR3579741_1.fastq.gz;ftp.sra.ebi.ac.uk/vol1/fastq/ERR357/001/ERR3579741/ERR3579741_2.fastq.gz	9b9949484c8ccb026b468382dd223b45;6d6d8072f998a17005ffc2d55644a935	377989769;381641948
FellowsYates2021	2021	10.1073/pnas.2021655118	ESA008.A	ENA	PRJEB34569	ERS3774475	Max Planck Institute for the Science of Human History	ESA008.A0101	double	T4,Bst 2.0 DNA	none	874200000	NextSeq 500	PAIRED	76	WGS	9812358	ERR3579742	ftp.sra.ebi.ac.uk/vol1/fastq/ERR357/002/ERR3579742/ERR3579742_1.fastq.gz;ftp.sra.ebi.ac.uk/vol1/fastq/ERR357/002/ERR3579742/ERR3579742_2.fastq.gz	30a623025b72518bcde23a943c7449aa;6bb03f4919c23983c4a6b3a9260e17c9	351273767;359056945
FellowsYates2021	2021	10.1073/pnas.2021655118	BSQ001.A	ENA	PRJEB34569	ERS3774476	Max Planck Institute for the Science of Human History	BSQ001.A0101	double	T4,Bst 2.0 DNA	none	166200000	NextSeq 500	PAIRED	76	WGS	11596167	ERR3579707	ftp.sra.ebi.ac.uk/vol1/fastq/ERR357/007/ERR3579707/ERR3579707_1.fastq.gz;ftp.sra.ebi.ac.uk/vol1/fastq/ERR357/007/ERR3579707/ERR3579707_2.fastq.gz	83edb5835bcaac7a18358bd479ad5788;2179611c5f792b42c5b55d4e4b01d2a7	420812195;426570783
FellowsYates2021	2021	10.1073/pnas.2021655118	LIS001.A	ENA	PRJEB34569	ERS3774477	Max Planck Institute for the Science of Human History	LIS001.A0101	double	T4,Bst 2.0 DNA	none	323800000	NextSeq 500	PAIRED	76	WGS	11583417	ERR3579773	ftp.sra.ebi.ac.uk/vol1/fastq/ERR357/003/ERR3579773/ERR3579773_1.fastq.gz;ftp.sra.ebi.ac.uk/vol1/fastq/ERR357/003/ERR3579773/ERR3579773_2.fastq.gz	e06db73ff52bd7c5cf4b188ba33ef18a;03069c4bc7d6dfb3bce2df3c9f369739	417935379;422092722
FellowsYates2021	2021	10.1073/pnas.2021655118	LIS002.A	ENA	PRJEB34569	ERS3774478	Max Planck Institute for the Science of Human History	LIS002.A0102	double	T4,Bst 2.0 DNA	none	270800000	NextSeq 500	PAIRED	76	WGS	13488543	ERR3579774	ftp.sra.ebi.ac.uk/vol1/fastq/ERR357/004/ERR3579774/ERR3579774_1.fastq.gz;ftp.sra.ebi.ac.uk/vol1/fastq/ERR357/004/ERR3579774/ERR3579774_2.fastq.gz	c7f2202f16a3e1f241fad50a99e6ae68;6bc00d48e6f9426e070698e567979a4e	445741615;450620612
FellowsYates2021	2021	10.1073/pnas.2021655118	LIS003.A	ENA	PRJEB34569	ERS3774479	Max Planck Institute for the Science of Human History	LIS003.A0101	double	T4,Bst 2.0 DNA	none	299700000	NextSeq 500	PAIRED	76	WGS	11012329	ERR3579775	ftp.sra.ebi.ac.uk/vol1/fastq/ERR357/005/ERR3579775/ERR3579775_1.fastq.gz;ftp.sra.ebi.ac.uk/vol1/fastq/ERR357/005/ERR3579775/ERR3579775_2.fastq.gz	b941528af1dca98892f2a2c6d31217f8;7209bd6919eaa3614f591012495d9f56	389579730;401723567
FellowsYates2021	2021	10.1073/pnas.2021655118	PYK001.A	ENA	PRJEB34569	ERS3774480	Max Planck Institute for the Science of Human History	PYK001.A0101	double	T4,Bst 2.0 DNA	none	450700000	NextSeq 500	PAIRED	76	WGS	16440498	ERR3579801	ftp.sra.ebi.ac.uk/vol1/fastq/ERR357/001/ERR3579801/ERR3579801_1.fastq.gz;ftp.sra.ebi.ac.uk/vol1/fastq/ERR357/001/ERR3579801/ERR3579801_2.fastq.gz	8a7a820dd4928ba27bda6351e881ad36;6d777b97cd45abc378a0fe5a38dfb5d4	596914462;605842486
FellowsYates2021	2021	10.1073/pnas.2021655118	PYK002.A	ENA	PRJEB34569	ERS3774481	Max Planck Institute for the Science of Human History	PYK002.A0101	double	T4,Bst 2.0 DNA	none	731900000	NextSeq 500	PAIRED	76	WGS	18911541	ERR3579802	ftp.sra.ebi.ac.uk/vol1/fastq/ERR357/002/ERR3579802/ERR3579802_1.fastq.gz;ftp.sra.ebi.ac.uk/vol1/fastq/ERR357/002/ERR3579802/ERR3579802_2.fastq.gz	acd30d844b86148d6d135aa0b87ec362;bbf57b18ceec2dd5046f0eafaa4abd42	664352675;674320359
FellowsYates2021	2021	10.1073/pnas.2021655118	PYK003.A	ENA	PRJEB34569	ERS3774482	Max Planck Institute for the Science of Human History	PYK003.A0101	double	T4,Bst 2.0 DNA	none	407500000	NextSeq 500	PAIRED	76	WGS	15402298	ERR3579803	ftp.sra.ebi.ac.uk/vol1/fastq/ERR357/003/ERR3579803/ERR3579803_1.fastq.gz;ftp.sra.ebi.ac.uk/vol1/fastq/ERR357/003/ERR3579803/ERR3579803_2.fastq.gz	4e70844e387c190a57a52534e90bc187;693005b5aa87c69d5d6fcaf0301dff2a	572131746;593120443
FellowsYates2021	2021	10.1073/pnas.2021655118	PYK004.A	ENA	PRJEB34569	ERS3774483	Max Planck Institute for the Science of Human History	PYK004.A0101	double	T4,Bst 2.0 DNA	none	1672000000	NextSeq 500	PAIRED	76	WGS	17417086	ERR3579804	ftp.sra.ebi.ac.uk/vol1/fastq/ERR357/004/ERR3579804/ERR3579804_1.fastq.gz;ftp.sra.ebi.ac.uk/vol1/fastq/ERR357/004/ERR3579804/ERR3579804_2.fastq.gz	cd2e1cf6fde937d92e7ef16d7a00e671;160ea2b04570fa135aedee9edd87f02e	661903090;672144787
FellowsYates2021	2021	10.1073/pnas.2021655118	PYK005.A	ENA	PRJEB34569	ERS3774484	Max Planck Institute for the Science of Human History	PYK005.A0101	double	T4,Bst 2.0 DNA	none	1621000000	NextSeq 500	PAIRED	76	WGS	21774956	ERR3579805	ftp.sra.ebi.ac.uk/vol1/fastq/ERR357/005/ERR3579805/ERR3579805_1.fastq.gz;ftp.sra.ebi.ac.uk/vol1/fastq/ERR357/005/ERR3579805/ERR3579805_2.fastq.gz	73cc17edd0e6361f59c5bb93c66ad590;92fa573a3416dcf1c428d007eefe0786	862955137;875848599
Weyrich2017	2017	10.1038/nature21674	Chimp	SRA	PRJNA685265	SRS7890499	Unknown	Chimp_12873	double	T4,Bst 2.0 DNA	none	NA	Illumina HiSeq 2500	PAIRED	NA	WGS	18612536	SRR13263122	ftp.sra.ebi.ac.uk/vol1/fastq/SRR132/022/SRR13263122/SRR13263122_1.fastq.gz;ftp.sra.ebi.ac.uk/vol1/fastq/SRR132/022/SRR13263122/SRR13263122_2.fastq.gz	d46a4d361a4807525368033e346d6b4b;9031a68f2e9d0050cebe0c04d2cca495	1217032042;1388506054
Weyrich2017	2017	10.1038/nature21674	ElSidron1	SRA	PRJNA685265	SRS7890498	Unknown	ElSidron1_12056	double	T4,Bst 2.0 DNA	none	NA	Illumina HiSeq 2500	PAIRED	NA	WGS	53186534	SRR13263123	ftp.sra.ebi.ac.uk/vol1/fastq/SRR132/023/SRR13263123/SRR13263123_1.fastq.gz;ftp.sra.ebi.ac.uk/vol1/fastq/SRR132/023/SRR13263123/SRR13263123_2.fastq.gz	e70fb68658e6e66a60ae4d289666bc03;15a9cbc5c9a1234978c220df8e91c4e7	3533496739;4013394642
Weyrich2017	2017	10.1038/nature21674	ElSidron2	SRA	PRJNA685265	SRS7890496	Unknown	ElSidron2_12057	double	T4,Bst 2.0 DNA	none	NA	Illumina HiSeq 2500	PAIRED	NA	WGS	51079301	SRR13263124	ftp.sra.ebi.ac.uk/vol1/fastq/SRR132/024/SRR13263124/SRR13263124_1.fastq.gz;ftp.sra.ebi.ac.uk/vol1/fastq/SRR132/024/SRR13263124/SRR13263124_2.fastq.gz	9cbcc5003e20e0f586e1ebc9b650f0a9;da822f56257a7b41c7dc9ccffee41004	3426186079;3886389290
Weyrich2017	2017	10.1038/nature21674	Spy1	SRA	PRJNA685265	SRS7890491	Unknown	Spy1_12055	double	T4,Bst 2.0 DNA	none	NA	Illumina HiSeq 2500	PAIRED	NA	WGS	18367108	SRR13263130	ftp.sra.ebi.ac.uk/vol1/fastq/SRR132/030/SRR13263130/SRR13263130_1.fastq.gz;ftp.sra.ebi.ac.uk/vol1/fastq/SRR132/030/SRR13263130/SRR13263130_2.fastq.gz	9874ef821f3a3c7b793d9fff061e2c5c;21b81b6c4d609a7d0c644a1faa262f0b	1264395894;1435386472
Weyrich2017	2017	10.1038/nature21674	Spy2	SRA	PRJNA685265	SRS7890487	Unknown	Spy2_14017	double	T4,Bst 2.0 DNA	none	NA	Illumina HiSeq 2500	PAIRED	NA	WGS	6126530	SRR13263131	ftp.sra.ebi.ac.uk/vol1/fastq/SRR132/031/SRR13263131/SRR13263131_1.fastq.gz;ftp.sra.ebi.ac.uk/vol1/fastq/SRR132/031/SRR13263131/SRR13263131_2.fastq.gz	728bb959bfe0027846e96156fbd428c2;5b4d175630c9380124cee638c59faf4a	384539542;426235354
Weyrich2017	2017	10.1038/nature21674	EuroHG1	SRA	PRJNA685265	SRS7890494	Unknown	12014_Euro_HG1	double	T4,Bst 2.0 DNA	none	NA	Illumina HiSeq 2500	PAIRED	NA	WGS	249435	SRR13263128	ftp.sra.ebi.ac.uk/vol1/fastq/SRR132/028/SRR13263128/SRR13263128_1.fastq.gz;ftp.sra.ebi.ac.uk/vol1/fastq/SRR132/028/SRR13263128/SRR13263128_2.fastq.gz	78fa2514bae5f1319c1e9444a0d7d1fb;482d6ce9845b7393c9befdf0cfa1bce0	16236506;18837176
Weyrich2017	2017	10.1038/nature21674	EuroHG2	SRA	PRJNA685265	SRS7890489	Unknown	12017_Euro_HG2	double	T4,Bst 2.0 DNA	none	NA	Illumina HiSeq 2500	PAIRED	NA	WGS	136233	SRR13263132	ftp.sra.ebi.ac.uk/vol1/fastq/SRR132/032/SRR13263132/SRR13263132_1.fastq.gz;ftp.sra.ebi.ac.uk/vol1/fastq/SRR132/032/SRR13263132/SRR13263132_2.fastq.gz	1ae1174de8cac94ce506b7e63fb802ab;e4a964f836d5b18b9fa09594c4de2ab2	9518350;10995825
Weyrich2017	2017	10.1038/nature21674	EuroLBK1	SRA	PRJNA685265	SRS7890488	Unknown	12826_Euro_LBKS1	double	T4,Bst 2.0 DNA	none	NA	Illumina HiSeq 2500	PAIRED	NA	WGS	171540	SRR13263134	ftp.sra.ebi.ac.uk/vol1/fastq/SRR132/034/SRR13263134/SRR13263134_1.fastq.gz;ftp.sra.ebi.ac.uk/vol1/fastq/SRR132/034/SRR13263134/SRR13263134_2.fastq.gz	d12d554e9d787d94cb001cba2e391c69;246c1ddb35dfc52911a736c59142ef89	11835040;13557236
Weyrich2017	2017	10.1038/nature21674	EuroLBK2	SRA	PRJNA685265	SRS7890485	Unknown	12829_Euro_LBKS2	double	T4,Bst 2.0 DNA	none	NA	Illumina HiSeq 2500	PAIRED	NA	WGS	204481	SRR13263135	ftp.sra.ebi.ac.uk/vol1/fastq/SRR132/035/SRR13263135/SRR13263135_1.fastq.gz;ftp.sra.ebi.ac.uk/vol1/fastq/SRR132/035/SRR13263135/SRR13263135_2.fastq.gz	cc48f1bcc5f7a705a7a407f7d4f327a5;f482d8be42d7b475ecff1b222d5bd0d1	13577681;15829294
Weyrich2017	2017	10.1038/nature21674	EuroLBK3	SRA	PRJNA685265	SRS7890490	Unknown	12824_Euro_LBKS3	double	T4,Bst 2.0 DNA	none	NA	Illumina HiSeq 2500	PAIRED	NA	WGS	53145	SRR13263133	ftp.sra.ebi.ac.uk/vol1/fastq/SRR132/033/SRR13263133/SRR13263133_1.fastq.gz;ftp.sra.ebi.ac.uk/vol1/fastq/SRR132/033/SRR13263133/SRR13263133_2.fastq.gz	474a0278fbb6ac8e4f48e7221e2841a1;06d830a7579343d7fe8e783e3c9e6b39	3612651;4196233
Weyrich2017	2017	10.1038/nature21674	Sudan1	SRA	PRJNA685265	SRS7890505	Unknown	11105_AfrSudan1	double	T4,Bst 2.0 DNA	none	NA	Illumina HiSeq 2500	PAIRED	NA	WGS	12036888	SRR13263116	ftp.sra.ebi.ac.uk/vol1/fastq/SRR132/016/SRR13263116/SRR13263116_1.fastq.gz;ftp.sra.ebi.ac.uk/vol1/fastq/SRR132/016/SRR13263116/SRR13263116_2.fastq.gz	be49abcb2355e9c53ad450a8710876bc;3b008f806a85dc2f14b33ee27601a189	413063178;475748313
Weyrich2017	2017	10.1038/nature21674	Sudan2	SRA	PRJNA685265	SRS7890503	Unknown	11106_AfrSudan2	double	T4,Bst 2.0 DNA	none	NA	Illumina HiSeq 2500	PAIRED	NA	WGS	11755551	SRR13263117	ftp.sra.ebi.ac.uk/vol1/fastq/SRR132/017/SRR13263117/SRR13263117_1.fastq.gz;ftp.sra.ebi.ac.uk/vol1/fastq/SRR132/017/SRR13263117/SRR13263117_2.fastq.gz	59ce03e6cc3da97ae0632b28165b8725;bd7a4144a622d3dd5c5f11e5f4b297df	359762183;456176804
Weyrich2017	2017	10.1038/nature21674	AfrSF1	SRA	PRJNA685265	SRS7890483	Unknown	13209_AfrSF3	double	T4,Bst 2.0 DNA	none	NA	Illumina HiSeq 2500	PAIRED	NA	WGS	18909969	SRR13263137	ftp.sra.ebi.ac.uk/vol1/fastq/SRR132/037/SRR13263137/SRR13263137_1.fastq.gz;ftp.sra.ebi.ac.uk/vol1/fastq/SRR132/037/SRR13263137/SRR13263137_2.fastq.gz	8e816937ab3ddb3685c8e63740d930cc;1010a0c6525fecebbb677f068d936753	784838835;907413153
Weyrich2017	2017	10.1038/nature21674	AfrSF2	SRA	PRJNA685265	SRS7890484	Unknown	13210_AfrSF4	double	T4,Bst 2.0 DNA	none	NA	Illumina HiSeq 2500	PAIRED	NA	WGS	11516626	SRR13263138	ftp.sra.ebi.ac.uk/vol1/fastq/SRR132/038/SRR13263138/SRR13263138_1.fastq.gz;ftp.sra.ebi.ac.uk/vol1/fastq/SRR132/038/SRR13263138/SRR13263138_2.fastq.gz	56db57005ac29a48795e1141b0ba02df;7ba3feb0980469de96d849bd5e6a010f	489475903;494485987
Weyrich2017	2017	10.1038/nature21674	UrbMed1	SRA	PRJNA685265	SRS7890495	Unknown	JewburyMedieval_8812	double	T4,Bst 2.0 DNA	none	NA	Illumina HiSeq 2500	PAIRED	NA	WGS	84741	SRR13263126	ftp.sra.ebi.ac.uk/vol1/fastq/SRR132/026/SRR13263126/SRR13263126_1.fastq.gz;ftp.sra.ebi.ac.uk/vol1/fastq/SRR132/026/SRR13263126/SRR13263126_2.fastq.gz	c967d75ccab6454a13d0926e59dbb319;4b351a8901c4022b0c5d307c1528a0e2	6202991;7029259
Weyrich2017	2017	10.1038/nature21674	UrbWar2	SRA	PRJNA685265	SRS7890492	Unknown	JewburyMedieval_8824	double	T4,Bst 2.0 DNA	none	NA	Illumina HiSeq 2500	PAIRED	NA	WGS	101309	SRR13263127	ftp.sra.ebi.ac.uk/vol1/fastq/SRR132/027/SRR13263127/SRR13263127_1.fastq.gz;ftp.sra.ebi.ac.uk/vol1/fastq/SRR132/027/SRR13263127/SRR13263127_2.fastq.gz	11bbb0527aaeeab23332b56ac09670b2;7f497ce4d8cfad92ace696886e8ab997	7083462;8184041
Weyrich2017	2017	10.1038/nature21674	AfrPP2	SRA	PRJNA685265	SRS7890486	Unknown	13204_AfrPP2	double	T4,Bst 2.0 DNA	none	NA	Illumina HiSeq 2500	PAIRED	NA	WGS	8495412	SRR13263136	ftp.sra.ebi.ac.uk/vol1/fastq/SRR132/036/SRR13263136/SRR13263136_1.fastq.gz;ftp.sra.ebi.ac.uk/vol1/fastq/SRR132/036/SRR13263136/SRR13263136_2.fastq.gz	ce5b7c28278bb710c2325edecbbbc48d;e447b9e47d971c4175d4f35b1e5f66a4	298429930;353625388
Weyrich2017	2017	10.1038/nature21674	AfrPP1	SRA	PRJNA685265	SRS7890504	Unknown	13213_AfrPP1	double	T4,Bst 2.0 DNA	none	NA	Illumina HiSeq 2500	PAIRED	NA	WGS	7715048	SRR13263118	ftp.sra.ebi.ac.uk/vol1/fastq/SRR132/018/SRR13263118/SRR13263118_1.fastq.gz;ftp.sra.ebi.ac.uk/vol1/fastq/SRR132/018/SRR13263118/SRR13263118_2.fastq.gz	566968675e9540cd6a183bc39b1b4fe7;bb98f0027afdc470d28d356b5cd75ae8	354889195;426323324
Weyrich2017	2017	10.1038/nature21674	IndRev1	SRA	PRJNA685265	SRS7890501	Unknown	13232_Euro_IndRev2	double	T4,Bst 2.0 DNA	none	NA	Illumina HiSeq 2500	PAIRED	NA	WGS	185781	SRR13263119	ftp.sra.ebi.ac.uk/vol1/fastq/SRR132/019/SRR13263119/SRR13263119_1.fastq.gz;ftp.sra.ebi.ac.uk/vol1/fastq/SRR132/019/SRR13263119/SRR13263119_2.fastq.gz	248941e1d3936763317f75999ef84f62;3e3d5b475cf9d50781dac71b8b486986	12713306;14684672
Weyrich2017	2017	10.1038/nature21674	IndRev2	SRA	PRJNA685265	SRS7890502	Unknown	13234_Euro_IndRev3	double	T4,Bst 2.0 DNA	none	NA	Illumina HiSeq 2500	PAIRED	NA	WGS	13547243	SRR13263120	ftp.sra.ebi.ac.uk/vol1/fastq/SRR132/020/SRR13263120/SRR13263120_1.fastq.gz;ftp.sra.ebi.ac.uk/vol1/fastq/SRR132/020/SRR13263120/SRR13263120_2.fastq.gz	4883d5f315fd9c2737abfda4a1a0ef11;f94a2c5e012882935b4afca38e8fbee0	855079300;995102452
Modi2020	2020	10.1007/s12520-019-00983-5	P.O 108-7	SRA	PRJNA660212	SRS7296485	Unknown	PO-108-A	double	T4,Bst 2.0 DNA	none	NA	Illumina MiSeq	PAIRED	76	WGS	2094675	SRR12557008	ftp.sra.ebi.ac.uk/vol1/fastq/SRR125/008/SRR12557008/SRR12557008_1.fastq.gz;ftp.sra.ebi.ac.uk/vol1/fastq/SRR125/008/SRR12557008/SRR12557008_2.fastq.gz	5b84e2f66665282c9e509abf5970e2d6;9623a89132428d52fd4815f54d60c88e	67139100;73563488
Modi2020	2020	10.1007/s12520-019-00983-5	P.O Z. US44	SRA	PRJNA660212	SRS7296487	Unknown	PO-Z-US44-A	double	T4,Bst 2.0 DNA	none	NA	Illumina MiSeq	PAIRED	76	WGS	6148945	SRR12557006	ftp.sra.ebi.ac.uk/vol1/fastq/SRR125/006/SRR12557006/SRR12557006_1.fastq.gz;ftp.sra.ebi.ac.uk/vol1/fastq/SRR125/006/SRR12557006/SRR12557006_2.fastq.gz	e9c3bb64f5a96fd8bd297935284880ed;1f7eaafa06a119732ac771e7bbb605f0	197574016;209800657
Modi2020	2020	10.1007/s12520-019-00983-5	P.O 898-11	SRA	PRJNA660212	SRS7296488	Unknown	PO-898-A	double	T4,Bst 2.0 DNA	none	NA	Illumina MiSeq	PAIRED	76	WGS	7965344	SRR12557007	ftp.sra.ebi.ac.uk/vol1/fastq/SRR125/007/SRR12557007/SRR12557007_1.fastq.gz;ftp.sra.ebi.ac.uk/vol1/fastq/SRR125/007/SRR12557007/SRR12557007_2.fastq.gz	633aedd624a87b4c1b92da8c89b395d9;af58160b2faf46b4de4bbc5c86e391a0	288488760;304784296
